CLIENTNUM,Attrition_Flag,Customer_Age,Gender,Dependent_count,Education_Level,Marital_Status,Income_Category,Card_Category,Months_on_book,Total_Relationship_Count,Contacts_Count_12_mon,Credit_Limit,Total_Revolving_Bal,Total_Trans_Amt,Total_Trans_Ct
768805383,Existing Customer,45,M,3,High School,Married,$60K - $80K,Blue,39,5,3,12691,777,1144,42
818770008,Existing Customer,49,F,5,Graduate,Single,Less than $40K,Blue,44,6,2,8256,864,1291,33
713982108,Existing Customer,51,M,3,Graduate,Married,$80K - $120K,Blue,36,4,0,3418,0,1887,20
769911858,Existing Customer,40,F,4,High School,Unknown,Less than $40K,Blue,34,3,1,3313,2517,1171,20
709106358,Existing Customer,40,M,3,Uneducated,Married,$60K - $80K,Blue,21,5,0,4716,0,816,28
713061558,Existing Customer,44,M,2,Graduate,Married,$40K - $60K,Blue,36,3,2,4010,1247,1088,24
810347208,Existing Customer,51,M,4,Unknown,Married,$120K +,Gold,46,6,3,34516,2264,1330,31
818906208,Existing Customer,32,M,0,High School,Unknown,$60K - $80K,Silver,27,2,2,29081,1396,1538,36
710930508,Existing Customer,37,M,3,Uneducated,Single,$60K - $80K,Blue,36,5,0,22352,2517,1350,24
719661558,Existing Customer,48,M,2,Graduate,Single,$80K - $120K,Blue,36,6,3,11656,1677,1441,32
708790833,Existing Customer,42,M,5,Uneducated,Unknown,$120K +,Blue,31,5,2,6748,1467,1201,42
710821833,Existing Customer,65,M,1,Unknown,Married,$40K - $60K,Blue,54,6,3,9095,1587,1314,26
710599683,Existing Customer,56,M,1,College,Single,$80K - $120K,Blue,36,3,0,11751,0,1539,17
816082233,Existing Customer,35,M,3,Graduate,Unknown,$60K - $80K,Blue,30,5,3,8547,1666,1311,33
712396908,Existing Customer,57,F,2,Graduate,Married,Less than $40K,Blue,48,5,2,2436,680,1570,29
714885258,Existing Customer,44,M,4,Unknown,Unknown,$80K - $120K,Blue,37,5,2,4234,972,1348,27
709967358,Existing Customer,48,M,4,Post-Graduate,Single,$80K - $120K,Blue,36,6,3,30367,2362,1671,27
753327333,Existing Customer,41,M,3,Unknown,Married,$80K - $120K,Blue,34,4,1,13535,1291,1028,21
806160108,Existing Customer,61,M,1,High School,Married,$40K - $60K,Blue,56,2,3,3193,2517,1336,30
709327383,Existing Customer,45,F,2,Graduate,Married,Unknown,Blue,37,6,2,14470,1157,1207,21
806165208,Existing Customer,47,M,1,Doctorate,Divorced,$60K - $80K,Blue,42,5,0,20979,1800,1178,27
708508758,Attrited Customer,62,F,0,Graduate,Married,Less than $40K,Blue,49,2,3,1438.3,0,692,16
784725333,Existing Customer,41,M,3,High School,Married,$40K - $60K,Blue,33,4,1,4470,680,931,18
811604133,Existing Customer,47,F,4,Unknown,Single,Less than $40K,Blue,36,3,2,2492,1560,1126,23
789124683,Existing Customer,54,M,2,Unknown,Married,$80K - $120K,Blue,42,4,3,12217,0,1110,21
771071958,Existing Customer,41,F,3,Graduate,Single,Less than $40K,Blue,28,6,2,7768,1669,1051,22
720466383,Existing Customer,59,M,1,High School,Unknown,$40K - $60K,Blue,46,4,2,14784,1374,1197,23
804424383,Existing Customer,63,M,1,Unknown,Married,$60K - $80K,Blue,56,3,2,10215,1010,1904,40
718813833,Existing Customer,44,F,3,Uneducated,Single,Unknown,Blue,34,5,2,10100,0,1052,18
806624208,Existing Customer,47,M,4,High School,Married,$40K - $60K,Blue,42,6,0,4785,1362,1045,38
778348233,Existing Customer,53,M,3,Unknown,Married,$80K - $120K,Blue,33,3,3,2753,1811,1038,25
712991808,Existing Customer,53,M,2,Uneducated,Married,$60K - $80K,Blue,48,2,1,2451,1690,1596,26
709029408,Existing Customer,41,M,4,Graduate,Married,$60K - $80K,Blue,36,4,2,8923,2517,1589,24
788658483,Existing Customer,53,F,2,College,Married,Less than $40K,Blue,38,5,3,2650,1490,1411,28
787937058,Existing Customer,58,M,0,Graduate,Married,$80K - $120K,Blue,49,6,2,12555,1696,1291,24
715318008,Existing Customer,55,F,1,College,Single,Less than $40K,Blue,36,4,1,3520,1914,1407,43
713962233,Existing Customer,55,F,3,Graduate,Married,Less than $40K,Blue,36,6,3,3035,2298,1877,37
785432733,Existing Customer,42,F,4,High School,Married,Less than $40K,Gold,36,2,3,15433,0,966,22
715190283,Existing Customer,57,F,1,Graduate,Unknown,$40K - $60K,Blue,49,3,2,3672,886,1464,28
708300483,Attrited Customer,66,F,0,Doctorate,Married,Unknown,Blue,56,5,3,7882,605,704,16
827111283,Existing Customer,45,M,3,Graduate,Single,$80K - $120K,Blue,41,2,2,32426,578,1109,28
758551608,Existing Customer,51,M,2,Unknown,Married,$40K - $60K,Blue,44,4,0,6205,2204,1347,28
773146383,Existing Customer,50,F,1,College,Single,$40K - $60K,Silver,43,3,3,17304,2517,1756,33
778493808,Existing Customer,49,M,3,High School,Married,$60K - $80K,Blue,37,5,1,3906,0,1756,32
720572508,Existing Customer,38,F,4,Graduate,Single,Unknown,Blue,28,2,3,9830,2055,1042,23
712661433,Existing Customer,49,M,4,Uneducated,Single,$80K - $120K,Blue,30,3,3,34516,0,1444,28
789172683,Existing Customer,56,M,2,Doctorate,Married,$60K - $80K,Blue,45,6,0,2283,1430,1741,27
738406533,Existing Customer,59,M,1,Doctorate,Married,$40K - $60K,Blue,52,3,2,2548,2020,1719,27
799723908,Existing Customer,46,M,3,High School,Married,$80K - $120K,Blue,40,4,3,19458,1435,1217,27
771490833,Existing Customer,52,M,1,College,Single,$80K - $120K,Blue,40,5,1,4745,1227,1140,40
720756708,Existing Customer,52,F,3,Unknown,Married,Less than $40K,Blue,41,6,2,2622,1549,1878,30
779471883,Attrited Customer,54,F,1,Graduate,Married,Less than $40K,Blue,40,2,1,1438.3,808,705,19
711525033,Existing Customer,66,F,0,High School,Married,Less than $40K,Blue,54,3,2,3171,2179,1946,38
712813458,Existing Customer,49,M,2,Unknown,Married,$120K +,Blue,36,4,0,19763,2517,1414,35
714374133,Attrited Customer,56,M,2,Graduate,Married,$120K +,Blue,36,1,3,15769,0,602,15
717891558,Existing Customer,49,F,4,Graduate,Unknown,Less than $40K,Blue,36,6,2,3298,2200,1052,32
716632758,Existing Customer,49,F,3,Graduate,Single,Less than $40K,Blue,36,2,0,2802,2363,1295,40
768563658,Existing Customer,56,M,2,Uneducated,Married,$40K - $60K,Blue,50,4,3,4458,1880,1424,29
711427458,Existing Customer,44,F,5,Graduate,Married,Unknown,Blue,35,4,2,6273,978,1359,25
714091983,Existing Customer,42,M,2,High School,Single,$60K - $80K,Blue,34,4,3,3336,1753,1168,27
787584108,Existing Customer,55,M,3,Unknown,Married,$80K - $120K,Blue,47,4,3,3436,2016,1097,33
712030833,Attrited Customer,48,M,2,Graduate,Married,$60K - $80K,Silver,35,2,4,34516,0,691,15
711481533,Existing Customer,39,M,1,High School,Divorced,$60K - $80K,Blue,33,5,3,5926,1251,1316,28
710082708,Existing Customer,44,M,4,Post-Graduate,Single,$120K +,Blue,32,2,2,23957,2102,1276,26
708155733,Existing Customer,53,M,2,High School,Single,$120K +,Blue,44,4,2,14734,1634,1289,23
788979258,Existing Customer,51,M,4,Uneducated,Single,$80K - $120K,Silver,38,4,4,34516,1515,1293,32
807986133,Existing Customer,57,M,2,College,Married,$60K - $80K,Blue,52,5,3,6584,1817,1353,35
788730933,Existing Customer,44,F,2,Uneducated,Single,Less than $40K,Blue,20,6,3,2084,1468,1132,28
711314058,Existing Customer,49,M,2,Graduate,Married,$60K - $80K,Blue,32,2,2,1687,1107,1670,17
717975333,Existing Customer,50,M,2,Doctorate,Married,$80K - $120K,Blue,38,6,2,25300,1330,837,15
715971108,Existing Customer,51,M,4,Graduate,Single,$120K +,Blue,42,3,3,34516,1763,1550,41
720096558,Existing Customer,55,F,2,Graduate,Married,Less than $40K,Blue,42,5,3,2216,1034,1540,36
719580033,Existing Customer,54,M,1,Graduate,Unknown,$60K - $80K,Blue,43,4,3,2910,2030,1256,21
820582308,Existing Customer,42,M,5,Uneducated,Married,$80K - $120K,Blue,37,6,2,22913,1528,1394,35
789973308,Existing Customer,44,M,1,College,Single,$60K - $80K,Blue,35,3,3,24312,1932,1341,24
712876233,Existing Customer,53,M,2,Graduate,Single,$80K - $120K,Blue,36,5,2,5272,1515,1289,33
804595158,Existing Customer,44,F,4,Graduate,Single,Less than $40K,Blue,36,6,2,7000,2517,1112,23
714826758,Existing Customer,37,F,3,Uneducated,Single,Less than $40K,Blue,29,4,2,7038,1801,2339,57
779058108,Existing Customer,49,M,3,Graduate,Divorced,$60K - $80K,Blue,30,6,2,2536,1823,1468,23
710790258,Existing Customer,47,M,2,Graduate,Married,$80K - $120K,Blue,38,6,2,28904,1899,1334,35
715623483,Existing Customer,47,M,3,Graduate,Married,$60K - $80K,Blue,37,4,0,8567,1695,1457,41
715156383,Existing Customer,44,M,1,Unknown,Unknown,$120K +,Blue,36,6,2,34516,1533,1603,29
711013983,Attrited Customer,55,F,4,Unknown,Married,$40K - $60K,Blue,45,2,3,2158,0,615,12
755420433,Existing Customer,59,F,1,Graduate,Married,Unknown,Blue,52,2,3,10133,1417,1068,20
794543958,Existing Customer,53,M,1,Graduate,Divorced,$80K - $120K,Blue,35,5,2,34516,1219,1590,27
716396358,Existing Customer,52,M,2,Graduate,Married,$60K - $80K,Blue,47,5,0,3085,1910,1531,35
715398033,Existing Customer,53,M,2,High School,Single,$120K +,Blue,35,4,1,19040,2056,1212,31
711743883,Existing Customer,43,F,3,Uneducated,Single,Less than $40K,Blue,35,5,3,4026,0,1237,32
719720058,Existing Customer,44,M,3,High School,Single,$60K - $80K,Blue,31,4,1,12756,837,1413,14
778992108,Existing Customer,57,M,2,Unknown,Married,$120K +,Blue,45,5,3,5266,0,1516,29
717539808,Existing Customer,51,F,2,High School,Single,Less than $40K,Blue,36,3,2,9930,0,1276,21
714070758,Existing Customer,49,M,4,High School,Single,$80K - $120K,Blue,38,4,0,31302,1953,1564,35
714107958,Existing Customer,45,M,1,Graduate,Single,$40K - $60K,Blue,36,4,3,6576,0,1465,34
789140283,Existing Customer,53,M,0,Graduate,Single,$80K - $120K,Blue,42,5,1,2664,2037,1286,29
715550508,Existing Customer,45,F,3,Unknown,Married,Unknown,Blue,28,5,2,2535,2440,1312,20
719712633,Existing Customer,64,M,1,Graduate,Married,Less than $40K,Blue,52,6,3,1709,895,1673,32
772629333,Existing Customer,45,M,3,Graduate,Married,$40K - $60K,Blue,35,5,2,3454,1200,1313,30
720336708,Existing Customer,53,M,3,Doctorate,Married,$40K - $60K,Blue,35,5,2,3789,1706,1609,42
802013583,Existing Customer,56,M,3,College,Married,$120K +,Blue,50,3,0,9689,2250,1158,19
711887583,Attrited Customer,47,M,2,Unknown,Married,$80K - $120K,Blue,37,2,3,5449,1628,836,18
714778833,Existing Customer,49,F,3,College,Single,Unknown,Blue,43,4,0,23032,1960,1289,22
713843283,Existing Customer,41,F,3,Unknown,Married,Unknown,Silver,34,5,3,34516,2053,1487,26
779155158,Existing Customer,53,M,3,Graduate,Married,$120K +,Blue,34,6,2,2940,1264,1259,33
721091583,Existing Customer,44,F,2,Graduate,Single,Less than $40K,Blue,32,3,3,3031,1879,1298,15
713572683,Existing Customer,44,M,3,High School,Unknown,$60K - $80K,Blue,25,3,0,1862,0,1226,34
716657058,Existing Customer,43,F,4,Post-Graduate,Married,Less than $40K,Blue,33,2,3,8358,926,1566,37
779509983,Existing Customer,53,M,2,Post-Graduate,Single,$120K +,Blue,36,6,2,34516,931,1022,21
717929133,Existing Customer,44,M,1,Uneducated,Married,$60K - $80K,Blue,36,5,3,14450,2440,1235,30
808284783,Existing Customer,62,F,1,Unknown,Married,Less than $40K,Blue,56,6,0,1438.3,0,1951,44
708476808,Existing Customer,54,M,4,Unknown,Divorced,$120K +,Blue,36,6,2,33791,1960,1047,31
710916408,Existing Customer,57,M,4,Graduate,Married,$60K - $80K,Blue,39,4,0,8466,1886,1342,32
708492558,Existing Customer,42,M,3,Unknown,Married,$60K - $80K,Blue,36,5,3,15088,865,1107,21
799825758,Existing Customer,42,M,4,High School,Divorced,$60K - $80K,Blue,36,5,2,3263,1674,1251,35
718619883,Existing Customer,54,F,0,Uneducated,Married,Less than $40K,Blue,36,2,2,1494,706,1305,24
711844758,Existing Customer,48,M,3,Graduate,Single,$80K - $120K,Blue,35,6,0,13551,1294,1388,37
714798783,Existing Customer,49,M,1,Graduate,Single,$80K - $120K,Blue,36,6,2,18886,895,1235,18
826762908,Existing Customer,52,M,3,High School,Unknown,$80K - $120K,Blue,48,3,0,11976,1273,2089,36
771894558,Existing Customer,50,M,3,High School,Single,$80K - $120K,Blue,39,4,4,9964,1559,1626,25
721074183,Existing Customer,49,M,1,Doctorate,Married,$60K - $80K,Blue,36,4,3,24159,1196,1111,24
715259583,Existing Customer,53,F,2,High School,Married,Less than $40K,Blue,44,3,3,5362,1901,1553,38
718414008,Existing Customer,50,M,2,Graduate,Single,$120K +,Blue,36,3,2,34516,1023,1064,13
719666283,Existing Customer,55,F,1,Doctorate,Married,Less than $40K,Blue,36,4,0,3174,1951,1243,29
714877233,Existing Customer,53,M,1,High School,Married,$80K - $120K,Blue,47,3,2,12262,1836,1659,38
785387883,Existing Customer,47,F,3,High School,Single,$40K - $60K,Blue,41,4,3,3788,1540,1594,47
771075258,Existing Customer,55,M,2,College,Single,$120K +,Silver,42,2,2,34516,1527,1268,42
711318033,Existing Customer,47,M,3,Graduate,Single,$60K - $80K,Blue,36,4,2,2926,0,1304,24
783554958,Existing Customer,58,M,4,Graduate,Single,$120K +,Blue,52,6,0,32090,0,1368,30
720201033,Attrited Customer,53,M,2,Graduate,Married,$80K - $120K,Blue,41,3,2,11669,2227,720,23
718039683,Existing Customer,52,M,2,High School,Single,$40K - $60K,Blue,45,3,2,13532,1300,1521,29
710806083,Existing Customer,50,F,1,Uneducated,Unknown,Less than $40K,Silver,36,4,2,11888,2090,1137,30
714752208,Existing Customer,42,F,1,Graduate,Married,Less than $40K,Blue,36,5,2,2393,1985,978,16
822063408,Existing Customer,43,M,4,Unknown,Married,$40K - $60K,Blue,39,5,2,6111,2517,1221,16
714490308,Existing Customer,57,M,4,Graduate,Married,$80K - $120K,Blue,46,3,3,19270,1662,1565,28
713356833,Existing Customer,52,M,1,Graduate,Married,$80K - $120K,Blue,43,3,4,3710,2517,1578,34
711402333,Existing Customer,47,M,2,Doctorate,Single,Less than $40K,Blue,37,2,3,3235,797,1493,32
708296883,Existing Customer,44,F,3,Graduate,Single,$40K - $60K,Blue,38,3,0,11749,788,1178,27
719154483,Existing Customer,53,M,2,High School,Divorced,$60K - $80K,Blue,36,5,2,7753,2100,991,26
717721458,Existing Customer,45,M,4,College,Divorced,$60K - $80K,Blue,40,5,0,10408,1186,2560,42
711112683,Existing Customer,63,F,1,College,Married,Unknown,Blue,36,6,3,3967,1568,1657,29
715674483,Existing Customer,39,F,2,Post-Graduate,Single,Less than $40K,Blue,27,4,2,6205,2517,1204,19
789322833,Attrited Customer,48,F,5,High School,Married,Less than $40K,Blue,38,1,3,8025,0,673,18
789968058,Existing Customer,51,M,1,Unknown,Single,$120K +,Blue,42,6,3,9036,2327,1131,18
709919283,Existing Customer,54,M,4,Graduate,Married,$80K - $120K,Blue,34,2,2,14926,2517,1576,25
718744008,Existing Customer,59,F,1,Graduate,Single,Less than $40K,Blue,36,3,3,6335,1128,1217,20
767712558,Attrited Customer,59,M,1,College,Single,$60K - $80K,Blue,53,2,3,14979,0,530,10
712950783,Attrited Customer,48,F,4,Uneducated,Married,Less than $40K,Blue,38,3,3,2732,0,739,16
716104983,Existing Customer,41,F,2,Graduate,Single,Less than $40K,Blue,32,6,2,2250,2117,1617,31
818839983,Existing Customer,55,M,2,Graduate,Married,$120K +,Blue,50,3,0,10916,1536,1592,34
772288758,Existing Customer,47,F,4,Graduate,Married,Unknown,Blue,36,4,3,5349,1228,1343,30
712350858,Existing Customer,41,M,2,High School,Married,$80K - $120K,Blue,24,4,3,9366,1104,1303,39
711009708,Existing Customer,40,M,3,High School,Single,$80K - $120K,Blue,28,5,0,21617,0,1351,22
712720158,Existing Customer,68,M,1,Graduate,Married,Unknown,Blue,56,5,3,13860,1652,1910,32
712215258,Existing Customer,50,F,1,Graduate,Single,$40K - $60K,Silver,31,2,3,18386,0,1298,22
773827008,Existing Customer,47,M,4,Uneducated,Single,$60K - $80K,Blue,41,6,2,2405,1540,1087,29
795232683,Existing Customer,53,F,1,College,Married,Less than $40K,Blue,47,4,3,2154,930,1439,26
713786508,Existing Customer,42,F,5,Unknown,Married,$40K - $60K,Blue,36,3,3,2038,0,1238,28
713539833,Existing Customer,48,F,4,High School,Single,$40K - $60K,Blue,38,6,3,8135,0,1716,29
712454058,Existing Customer,49,M,1,Doctorate,Married,$120K +,Blue,38,6,3,9364,618,1099,27
718759833,Existing Customer,44,F,2,Uneducated,Married,Unknown,Silver,35,4,2,32643,0,1058,24
718803333,Existing Customer,43,F,4,Graduate,Divorced,Less than $40K,Blue,34,2,1,3195,1954,1285,29
720253908,Existing Customer,56,M,0,High School,Married,$80K - $120K,Blue,43,5,1,2852,1024,1651,28
714133158,Existing Customer,59,F,1,College,Single,Unknown,Blue,36,2,3,4224,1305,1152,31
713187033,Existing Customer,46,M,1,Uneducated,Married,$60K - $80K,Blue,36,3,2,20459,2071,1767,38
714791208,Existing Customer,47,F,4,Unknown,Divorced,Less than $40K,Blue,41,6,3,3482,2114,1039,24
772426383,Existing Customer,50,F,4,Uneducated,Married,$40K - $60K,Blue,40,5,3,3065,1570,1130,28
710975883,Existing Customer,51,F,3,Uneducated,Married,Less than $40K,Blue,43,3,2,2185,1761,1645,30
714264408,Existing Customer,47,F,3,Uneducated,Married,Less than $40K,Blue,36,4,0,1611,746,1413,29
715827858,Existing Customer,58,F,4,Uneducated,Married,Less than $40K,Blue,47,3,3,2822,2173,1218,23
713741358,Attrited Customer,46,M,5,Graduate,Single,$80K - $120K,Blue,33,6,3,32975,2517,597,17
709531908,Existing Customer,53,M,3,High School,Married,$60K - $80K,Blue,47,5,2,1438.3,0,2184,53
716493408,Existing Customer,45,F,4,Uneducated,Divorced,Unknown,Blue,36,4,3,15875,1719,1592,37
714141108,Existing Customer,52,F,1,High School,Married,Less than $40K,Blue,45,6,3,6703,893,1388,28
708953883,Attrited Customer,53,M,2,Unknown,Married,$80K - $120K,Blue,36,2,1,3212,0,757,20
712608783,Existing Customer,50,M,2,High School,Married,$80K - $120K,Silver,45,3,3,34516,1260,1504,34
820353558,Existing Customer,41,F,3,High School,Married,$40K - $60K,Blue,36,4,2,9797,1434,1503,34
714964758,Existing Customer,45,F,5,Graduate,Divorced,$40K - $60K,Blue,36,5,2,10400,1777,1105,28
716264358,Existing Customer,53,M,3,Uneducated,Married,$80K - $120K,Blue,42,2,2,26792,1836,2398,47
717296808,Existing Customer,67,F,1,Graduate,Married,Less than $40K,Blue,56,4,2,3006,2517,1661,32
712977183,Existing Customer,57,F,2,Uneducated,Single,$40K - $60K,Silver,36,6,0,19482,1072,1421,22
710829108,Existing Customer,59,F,1,Uneducated,Married,$40K - $60K,Blue,36,4,3,3356,985,999,28
779562633,Existing Customer,45,M,2,Uneducated,Married,$40K - $60K,Blue,34,3,1,5771,2248,1387,18
715315833,Existing Customer,51,M,3,Graduate,Married,$80K - $120K,Blue,36,6,3,11106,2107,1243,24
815500983,Existing Customer,59,F,1,Uneducated,Married,Less than $40K,Blue,54,5,0,2890,2001,1860,36
719360583,Existing Customer,53,M,1,Graduate,Married,$60K - $80K,Blue,45,6,2,3380,1701,1502,25
709701558,Existing Customer,47,M,3,Graduate,Married,$60K - $80K,Blue,36,2,2,21331,1251,1460,50
721148358,Existing Customer,49,F,3,Uneducated,Single,Unknown,Blue,38,6,1,12860,0,1348,27
779862408,Existing Customer,49,M,3,Post-Graduate,Single,$80K - $120K,Blue,33,3,0,6278,462,1087,33
812627208,Existing Customer,60,F,0,College,Single,Less than $40K,Blue,55,5,3,1438.3,738,1226,33
711033408,Existing Customer,50,F,2,High School,Married,Less than $40K,Blue,36,5,2,9355,1626,1230,28
779956608,Existing Customer,41,F,2,Post-Graduate,Married,Unknown,Blue,31,6,3,20758,0,1555,32
780376683,Existing Customer,57,M,1,Graduate,Married,$80K - $120K,Blue,47,5,1,14612,1976,1827,24
717912483,Existing Customer,43,M,4,Graduate,Unknown,$80K - $120K,Blue,27,5,0,27259,0,1376,35
714454758,Existing Customer,57,F,3,Graduate,Married,Less than $40K,Blue,47,4,3,6347,1594,1771,37
780466533,Existing Customer,54,M,3,Doctorate,Married,$120K +,Blue,41,3,0,21592,1676,1873,52
715735233,Existing Customer,51,F,5,Post-Graduate,Married,Less than $40K,Blue,44,5,1,3449,1598,1679,42
720476733,Existing Customer,47,F,3,High School,Married,Less than $40K,Blue,34,2,2,6028,799,1002,22
715872333,Existing Customer,41,M,0,High School,Unknown,$120K +,Blue,36,3,3,18214,1998,1344,21
712375758,Existing Customer,53,M,3,Uneducated,Married,$80K - $120K,Blue,43,3,1,16393,1423,1461,42
708868233,Attrited Customer,68,M,0,High School,Married,Less than $40K,Blue,52,1,2,1438.3,900,760,21
718030083,Existing Customer,59,M,1,College,Married,$60K - $80K,Blue,36,4,2,7871,1687,1428,22
720707283,Existing Customer,48,M,4,Unknown,Married,$80K - $120K,Blue,36,5,0,5288,866,1777,42
771698658,Existing Customer,44,M,5,Graduate,Married,$60K - $80K,Blue,32,4,3,11376,2006,1302,27
748326258,Existing Customer,48,M,3,College,Married,$80K - $120K,Blue,41,4,3,12302,1632,1483,41
770817783,Existing Customer,47,M,4,Graduate,Married,$60K - $80K,Silver,33,3,1,34516,1679,1060,27
779353083,Existing Customer,47,M,2,Graduate,Married,$60K - $80K,Silver,32,4,2,34516,1468,1330,32
711441333,Existing Customer,43,F,1,High School,Divorced,Less than $40K,Silver,35,3,2,10514,1580,1229,27
719808558,Attrited Customer,55,F,2,Graduate,Married,Less than $40K,Blue,43,2,3,1438.3,0,886,27
711551958,Attrited Customer,59,M,2,Post-Graduate,Married,$60K - $80K,Blue,46,3,3,1438.3,0,844,24
809164083,Existing Customer,63,M,1,Graduate,Married,$40K - $60K,Blue,56,2,2,2619,1779,1450,37
820596183,Existing Customer,58,M,2,College,Married,$120K +,Blue,53,2,0,24407,2395,2311,48
715999608,Existing Customer,53,F,2,High School,Married,Less than $40K,Blue,36,4,2,2377,1649,1378,26
710565408,Existing Customer,59,M,0,Unknown,Unknown,$80K - $120K,Silver,40,3,3,34516,1359,1033,26
805543158,Existing Customer,52,M,3,Graduate,Married,$120K +,Blue,47,5,3,11086,2207,1523,40
709752183,Existing Customer,48,M,3,High School,Single,$60K - $80K,Blue,36,4,2,11432,2517,1374,37
716479233,Existing Customer,43,M,4,High School,Married,$40K - $60K,Blue,36,5,2,13258,1721,1080,21
713837058,Existing Customer,48,M,2,College,Single,Less than $40K,Blue,36,3,3,2571,1955,1234,24
718876683,Existing Customer,43,F,4,Graduate,Single,Less than $40K,Blue,31,5,0,5781,1168,1600,32
770746908,Existing Customer,44,M,4,Unknown,Married,$60K - $80K,Blue,30,5,2,7872,2509,1155,32
794843883,Existing Customer,41,M,3,High School,Married,$80K - $120K,Blue,35,6,2,34516,1202,1353,33
803043933,Existing Customer,44,F,3,Uneducated,Divorced,Less than $40K,Silver,38,4,3,11127,1835,1546,25
758076408,Existing Customer,50,M,2,Unknown,Single,$40K - $60K,Blue,43,2,3,1857,1603,1590,43
714606558,Existing Customer,60,F,1,Uneducated,Married,Less than $40K,Blue,36,5,0,1913,1272,1448,22
778425408,Existing Customer,44,M,4,Graduate,Single,$80K - $120K,Blue,24,5,0,3839,2295,1271,24
714171108,Existing Customer,48,F,3,Graduate,Divorced,$40K - $60K,Blue,39,6,3,2115,1141,1223,20
719662458,Existing Customer,44,F,2,Graduate,Divorced,Less than $40K,Blue,27,5,2,1438.3,679,1117,29
713137233,Existing Customer,41,M,2,High School,Single,$80K - $120K,Blue,28,4,0,27756,1789,994,24
769425858,Existing Customer,45,M,3,College,Single,$60K - $80K,Blue,32,4,2,1438.3,0,1468,26
711297483,Existing Customer,47,F,2,Uneducated,Divorced,Less than $40K,Silver,34,6,2,13878,2222,1658,38
788900883,Existing Customer,51,F,2,Graduate,Married,Less than $40K,Blue,36,3,3,3106,1304,1368,38
758348808,Existing Customer,51,M,2,Graduate,Married,$120K +,Blue,44,4,3,34516,1666,1218,18
772336458,Attrited Customer,60,F,1,Uneducated,Married,$40K - $60K,Blue,50,4,3,1438.3,1025,702,12
708711483,Existing Customer,57,M,2,Unknown,Married,$80K - $120K,Blue,46,2,0,18871,1740,1516,21
717906783,Existing Customer,41,M,5,Graduate,Single,$120K +,Blue,29,5,2,5207,1748,1310,26
719437908,Existing Customer,44,M,3,Post-Graduate,Divorced,$80K - $120K,Blue,36,6,2,17965,1644,1767,50
769433508,Existing Customer,43,M,1,College,Single,$60K - $80K,Blue,37,6,3,2733,1819,933,25
790096533,Existing Customer,55,M,2,College,Married,$60K - $80K,Blue,48,4,2,8863,1301,1512,27
720997383,Attrited Customer,52,M,1,Uneducated,Married,$80K - $120K,Blue,36,2,3,1857,1833,829,17
787541883,Existing Customer,44,M,3,Graduate,Unknown,$80K - $120K,Blue,33,3,3,34516,0,1120,27
709930758,Existing Customer,41,M,2,Uneducated,Married,$40K - $60K,Blue,30,5,3,11107,1222,1506,33
789830058,Existing Customer,44,M,4,Unknown,Single,$80K - $120K,Blue,34,4,2,21573,1585,1384,36
710299608,Attrited Customer,53,F,2,Unknown,Married,Less than $40K,Blue,33,2,3,2859,2517,817,30
710741208,Existing Customer,39,M,2,High School,Single,$80K - $120K,Blue,36,4,2,5269,1475,2094,25
821797008,Attrited Customer,49,M,5,College,Married,$40K - $60K,Blue,45,2,3,1438.3,0,815,21
708874533,Attrited Customer,45,F,2,College,Married,Less than $40K,Blue,36,1,2,3387,0,510,24
715341858,Existing Customer,54,M,2,Graduate,Married,$80K - $120K,Blue,46,6,3,1982,1289,1377,49
793636308,Existing Customer,49,M,3,Uneducated,Single,$80K - $120K,Blue,43,2,2,4645,1650,1193,33
713779908,Existing Customer,46,F,3,Doctorate,Single,Unknown,Blue,36,6,2,2189,1666,1287,36
712125258,Attrited Customer,46,M,4,High School,Married,$120K +,Blue,30,3,3,2442,0,701,19
709703433,Existing Customer,47,M,3,Graduate,Married,$60K - $80K,Blue,38,4,2,21304,1532,1770,25
721022433,Existing Customer,44,M,2,Doctorate,Single,$60K - $80K,Blue,36,5,2,7577,2480,1409,35
710103558,Existing Customer,50,M,3,Post-Graduate,Single,$120K +,Blue,31,4,2,3234,1486,1354,28
715952883,Existing Customer,73,M,0,High School,Married,$40K - $60K,Blue,36,5,2,4469,1125,1765,34
719731458,Existing Customer,56,M,3,Unknown,Unknown,$40K - $60K,Blue,46,6,4,2910,709,1192,27
772390908,Attrited Customer,59,M,0,High School,Single,$40K - $60K,Blue,48,2,3,3616,1054,687,17
787348608,Existing Customer,70,M,0,High School,Married,Less than $40K,Blue,56,3,3,3252,1495,1227,15
709485033,Existing Customer,55,F,2,High School,Married,Less than $40K,Blue,36,4,3,2358,1152,1737,26
715432608,Existing Customer,43,M,4,Unknown,Single,$60K - $80K,Blue,36,4,0,22322,953,1348,34
799471833,Existing Customer,45,M,1,Uneducated,Single,$120K +,Blue,39,4,2,3133,1510,1435,38
714187533,Existing Customer,45,F,2,Uneducated,Single,$40K - $60K,Blue,35,2,0,3540,849,1321,28
779656908,Existing Customer,40,M,1,Graduate,Married,$40K - $60K,Blue,23,6,2,6990,1378,1479,29
788950158,Existing Customer,36,M,2,College,Unknown,$80K - $120K,Blue,22,2,3,34516,1652,1283,39
778867533,Attrited Customer,59,F,0,Post-Graduate,Married,$40K - $60K,Blue,40,1,1,1438.3,0,689,23
710620383,Existing Customer,43,M,4,Unknown,Married,$60K - $80K,Blue,35,6,2,24396,1171,965,17
778661358,Existing Customer,46,F,1,Unknown,Married,Less than $40K,Blue,36,2,2,2474,2143,1541,40
789483333,Existing Customer,41,M,2,Uneducated,Married,$40K - $60K,Blue,32,5,3,5214,795,1258,23
809855808,Existing Customer,51,F,2,Graduate,Married,Less than $40K,Blue,46,5,2,5207,1650,1339,20
718464258,Existing Customer,51,F,3,Unknown,Unknown,Less than $40K,Blue,25,2,2,9512,1082,1007,22
708528483,Existing Customer,43,F,4,Graduate,Divorced,Unknown,Blue,23,6,2,3187,2430,1387,33
771809733,Attrited Customer,64,F,0,High School,Married,$40K - $60K,Blue,53,1,3,3353,0,960,18
719942883,Existing Customer,54,M,5,Graduate,Married,$60K - $80K,Blue,38,3,3,2290,1434,1119,18
807226683,Existing Customer,48,M,3,Unknown,Single,$40K - $60K,Blue,43,6,3,5279,1115,1642,41
717806133,Existing Customer,40,M,2,Uneducated,Divorced,$60K - $80K,Blue,29,5,0,23603,0,1382,31
720615708,Existing Customer,57,M,0,Uneducated,Married,$40K - $60K,Blue,45,6,2,2601,0,1232,32
714511758,Existing Customer,45,M,4,Graduate,Single,$80K - $120K,Blue,40,4,0,6363,1029,1542,16
715050408,Existing Customer,41,M,3,High School,Single,$80K - $120K,Blue,36,4,3,8029,1576,1094,32
721132233,Existing Customer,42,F,4,Uneducated,Married,Less than $40K,Blue,31,2,2,2410,1769,1217,30
719211558,Attrited Customer,45,M,2,Graduate,Single,$60K - $80K,Blue,36,1,2,3401,0,744,18
712069008,Existing Customer,42,F,4,Uneducated,Married,Less than $40K,Blue,23,4,0,2260,1007,1614,33
715996983,Existing Customer,47,M,4,Uneducated,Divorced,$80K - $120K,Blue,30,5,2,17682,2481,1747,31
773466258,Existing Customer,48,F,4,High School,Married,$40K - $60K,Blue,42,3,3,4206,1100,1144,22
798983508,Existing Customer,43,M,1,Graduate,Single,$80K - $120K,Silver,37,4,2,34516,1440,1575,34
719117433,Existing Customer,41,M,4,High School,Unknown,$80K - $120K,Blue,36,4,0,23018,2168,1463,24
716451183,Existing Customer,54,F,1,Uneducated,Married,$40K - $60K,Blue,44,5,3,5556,1711,1706,21
718621608,Attrited Customer,54,F,2,High School,Married,Unknown,Blue,44,3,1,6094,0,909,14
715085733,Existing Customer,61,M,0,Graduate,Married,$40K - $60K,Blue,52,3,2,2939,1999,2434,33
788977833,Existing Customer,61,M,0,Uneducated,Married,$80K - $120K,Blue,48,2,0,5362,1274,1876,41
720272958,Attrited Customer,48,M,2,High School,Married,$120K +,Blue,36,3,3,27126,0,1000,25
708421833,Existing Customer,45,F,4,Graduate,Single,Less than $40K,Blue,36,6,2,3342,2517,1139,30
709173108,Attrited Customer,54,F,4,Graduate,Married,Unknown,Blue,40,6,2,2532,2221,799,21
709879458,Existing Customer,54,F,3,Doctorate,Married,Unknown,Blue,46,2,3,1900,1376,1881,45
715120608,Existing Customer,44,M,3,Graduate,Single,$60K - $80K,Blue,37,2,2,14546,1703,1273,27
770632758,Existing Customer,50,F,4,Doctorate,Single,Unknown,Blue,36,2,2,2521,1608,1328,33
779078733,Existing Customer,55,M,2,Doctorate,Married,$60K - $80K,Blue,36,3,3,16427,1682,1579,36
771742533,Existing Customer,48,M,2,Graduate,Unknown,$40K - $60K,Blue,36,5,2,13068,1718,937,28
720250158,Existing Customer,45,M,2,College,Single,$60K - $80K,Blue,33,6,0,23218,1814,1749,37
716458983,Existing Customer,60,M,0,High School,Married,$40K - $60K,Blue,36,5,3,3281,837,1424,29
713747733,Existing Customer,55,M,2,High School,Married,$40K - $60K,Blue,47,5,2,3096,2217,2011,41
712270158,Existing Customer,62,F,0,High School,Married,$40K - $60K,Blue,52,5,3,2052,1250,1208,31
789562383,Existing Customer,38,F,1,High School,Unknown,Less than $40K,Blue,30,2,0,1438.3,583,1259,24
754897008,Existing Customer,46,M,3,High School,Single,$40K - $60K,Blue,39,2,2,9432,1418,1319,26
819700533,Existing Customer,50,M,0,High School,Single,$120K +,Silver,45,5,3,14938,2303,949,27
712890408,Existing Customer,45,M,2,Uneducated,Married,$60K - $80K,Blue,36,5,2,2221,1343,1338,30
720248208,Existing Customer,47,M,3,Post-Graduate,Divorced,$60K - $80K,Blue,37,6,0,5731,1577,1554,26
779749908,Existing Customer,48,M,4,College,Married,$60K - $80K,Gold,33,2,3,34516,2061,1350,32
717401883,Existing Customer,35,M,3,Uneducated,Married,$60K - $80K,Blue,22,5,2,6985,1130,1694,44
721509558,Existing Customer,51,M,2,Graduate,Married,$120K +,Blue,42,3,0,24221,1707,1678,40
710572458,Existing Customer,36,F,3,High School,Married,Unknown,Blue,24,4,1,15439,0,2069,43
714576183,Existing Customer,47,M,4,Graduate,Single,$80K - $120K,Blue,36,6,2,21637,2030,1222,23
721425558,Existing Customer,52,M,2,Graduate,Single,$120K +,Blue,37,2,2,14543,0,1536,37
711109908,Existing Customer,43,F,4,Uneducated,Married,Less than $40K,Blue,36,2,1,9684,2475,1400,31
715203108,Existing Customer,63,M,2,High School,Married,$40K - $60K,Blue,36,2,2,5007,930,1050,28
710027508,Existing Customer,61,M,0,Graduate,Married,$60K - $80K,Blue,54,3,0,1616,1047,1389,33
787464408,Existing Customer,53,M,2,Uneducated,Single,$60K - $80K,Blue,40,5,2,19116,0,1184,29
783542133,Existing Customer,53,F,3,Graduate,Married,Less than $40K,Blue,47,5,2,2759,2223,2093,42
708330858,Attrited Customer,57,M,3,Graduate,Married,$120K +,Blue,38,2,3,8249,1381,678,11
714426783,Existing Customer,38,F,2,Graduate,Single,Unknown,Blue,31,2,2,14041,2154,1467,29
712701333,Existing Customer,53,M,3,High School,Married,$60K - $80K,Blue,43,5,2,5264,2169,1219,27
709494483,Existing Customer,63,F,0,Unknown,Married,Less than $40K,Blue,54,4,1,2420,1912,1730,36
773373108,Existing Customer,49,F,4,High School,Married,Less than $40K,Blue,43,4,0,2826,2070,1025,28
715812258,Existing Customer,45,M,2,High School,Married,$80K - $120K,Blue,34,5,2,12518,1539,1165,33
778286433,Existing Customer,67,M,0,Graduate,Married,$40K - $60K,Blue,56,4,1,5876,1297,2133,55
789270033,Existing Customer,48,M,3,Graduate,Single,$80K - $120K,Silver,37,3,3,34516,0,1122,13
711569433,Existing Customer,51,F,2,Uneducated,Divorced,Less than $40K,Blue,38,4,2,9648,1926,1083,22
720214833,Existing Customer,52,M,2,High School,Single,$80K - $120K,Silver,40,3,3,34516,2177,1234,23
709346133,Existing Customer,55,F,2,Uneducated,Married,Unknown,Blue,35,3,0,3025,2376,1277,23
788194458,Existing Customer,34,M,3,High School,Married,$60K - $80K,Blue,26,4,3,3265,2517,1843,35
720779733,Existing Customer,56,M,1,Uneducated,Married,$120K +,Blue,36,3,2,6041,1355,1747,49
717424458,Existing Customer,44,F,2,Post-Graduate,Married,Less than $40K,Blue,36,3,2,2293,1823,1166,22
708820308,Existing Customer,47,M,3,Post-Graduate,Unknown,$80K - $120K,Blue,36,6,2,13399,2505,1326,31
710558058,Existing Customer,46,F,3,Unknown,Married,Less than $40K,Blue,38,4,3,4317,2517,1619,36
770590758,Existing Customer,43,F,3,Graduate,Single,$40K - $60K,Blue,29,5,0,3378,1069,1285,16
718490658,Existing Customer,50,F,1,Graduate,Single,Less than $40K,Blue,36,4,3,5012,2242,1142,28
711985833,Existing Customer,38,F,4,Uneducated,Single,Less than $40K,Blue,30,4,0,2569,1605,1190,46
708967608,Existing Customer,53,F,1,Graduate,Single,Less than $40K,Blue,45,3,2,3471,1785,1052,24
718505958,Existing Customer,43,M,5,Graduate,Divorced,$120K +,Silver,31,5,3,34516,1699,1628,38
715024233,Existing Customer,53,M,1,High School,Married,$120K +,Blue,36,6,2,3312,1844,1740,32
779249583,Existing Customer,56,F,1,Graduate,Married,Less than $40K,Blue,38,4,3,2578,2462,1378,29
709278258,Attrited Customer,54,M,2,Unknown,Married,$40K - $60K,Blue,44,4,2,2902,2517,996,26
778928283,Existing Customer,57,F,3,High School,Married,Less than $40K,Blue,39,3,1,2742,2321,1389,32
712299858,Existing Customer,62,M,1,High School,Married,Less than $40K,Blue,53,5,3,2077,1571,1365,38
799224108,Existing Customer,46,F,4,Graduate,Single,Less than $40K,Blue,40,5,2,6265,1942,1715,43
809976033,Existing Customer,49,M,2,Uneducated,Married,$60K - $80K,Blue,44,6,0,7819,1560,1582,25
716203308,Existing Customer,52,M,3,Graduate,Single,$80K - $120K,Blue,42,6,3,2731,1692,1220,22
714871683,Attrited Customer,58,M,1,Uneducated,Married,$40K - $60K,Blue,36,2,3,1438.3,537,715,13
716139933,Existing Customer,54,M,0,High School,Married,$80K - $120K,Blue,36,3,2,16286,1710,2552,49
716984658,Existing Customer,49,M,1,Graduate,Married,$120K +,Blue,39,3,3,34516,0,1106,31
713086008,Existing Customer,58,F,3,High School,Married,Less than $40K,Blue,47,6,0,2609,2439,1731,34
713773458,Existing Customer,52,M,2,High School,Single,$60K - $80K,Blue,45,5,2,7567,1173,1435,32
719242533,Existing Customer,41,M,5,High School,Married,$60K - $80K,Blue,33,5,3,22770,2517,1882,38
772712658,Existing Customer,62,F,0,Uneducated,Married,Less than $40K,Blue,50,5,2,3791,1648,2058,34
788868858,Existing Customer,54,M,2,Graduate,Married,Less than $40K,Blue,39,4,2,2702,2517,1658,32
811898133,Existing Customer,40,F,3,High School,Divorced,Less than $40K,Blue,35,3,3,2555,2117,1334,32
788808633,Existing Customer,43,M,3,Graduate,Married,$80K - $120K,Blue,26,5,2,2355,1090,1441,29
779804208,Existing Customer,53,F,2,Graduate,Single,$40K - $60K,Blue,42,6,0,5332,0,1371,39
781391058,Existing Customer,55,M,1,Uneducated,Single,$40K - $60K,Blue,49,6,2,1443,1375,1991,38
790134408,Existing Customer,46,M,4,Graduate,Single,$60K - $80K,Blue,39,6,3,10741,755,1278,22
788853258,Existing Customer,41,M,1,Uneducated,Married,$60K - $80K,Blue,25,3,0,7984,1503,1734,39
711857733,Existing Customer,49,M,3,Uneducated,Single,$60K - $80K,Blue,32,3,2,18584,2517,1330,34
822969858,Existing Customer,61,F,0,Graduate,Married,Unknown,Blue,56,4,3,5585,1465,1787,31
719554758,Existing Customer,46,M,2,Uneducated,Married,$80K - $120K,Blue,38,6,2,34516,2165,1672,32
711643458,Existing Customer,50,F,1,Uneducated,Married,Less than $40K,Blue,43,6,4,1438.3,0,1439,41
788830683,Existing Customer,40,M,2,Graduate,Single,$80K - $120K,Blue,24,5,0,2478,2031,1558,31
807030858,Existing Customer,51,M,4,High School,Single,$120K +,Blue,46,6,3,34516,2274,1795,47
793059108,Existing Customer,50,F,2,Graduate,Married,$40K - $60K,Blue,44,6,3,2339,1440,893,22
716568708,Existing Customer,47,F,2,Graduate,Married,Less than $40K,Blue,36,6,2,2726,0,1099,27
828281733,Existing Customer,43,M,4,Unknown,Married,$120K +,Blue,39,3,3,14881,848,1408,23
717229158,Existing Customer,36,F,4,Graduate,Married,$40K - $60K,Blue,36,6,3,1628,969,1893,15
715915458,Existing Customer,47,F,2,Graduate,Married,Less than $40K,Blue,34,5,2,3156,1644,1151,31
819129858,Existing Customer,46,F,2,Graduate,Single,Less than $40K,Blue,41,5,0,4745,1270,1519,31
713441958,Existing Customer,46,M,2,High School,Married,$120K +,Blue,36,5,2,19727,1785,1245,25
719091333,Existing Customer,52,M,0,Uneducated,Married,$60K - $80K,Blue,36,3,2,22720,793,1102,27
708666258,Existing Customer,43,M,4,Unknown,Married,$40K - $60K,Blue,36,5,0,8129,1799,1402,33
714914583,Existing Customer,40,F,4,Graduate,Single,Less than $40K,Blue,27,6,3,3751,1521,1060,30
714363858,Existing Customer,54,F,4,High School,Married,Less than $40K,Blue,36,3,3,1594,1411,1459,35
721347408,Existing Customer,55,F,1,High School,Single,Less than $40K,Blue,43,4,0,2569,1403,1456,39
809608533,Existing Customer,49,F,4,Post-Graduate,Single,Unknown,Blue,44,6,2,18206,1586,1439,48
772047183,Existing Customer,45,M,4,High School,Married,$40K - $60K,Blue,34,6,3,3104,1766,1353,24
714217908,Existing Customer,49,M,3,Graduate,Married,$40K - $60K,Blue,41,5,2,2406,1560,1173,32
714819183,Existing Customer,63,M,1,Uneducated,Married,$80K - $120K,Blue,36,5,3,24571,1955,1746,28
716455683,Existing Customer,40,F,3,High School,Single,Less than $40K,Gold,36,3,3,15534,726,1279,28
710865633,Existing Customer,41,F,2,Graduate,Married,Less than $40K,Silver,33,4,0,12301,2250,1307,29
752952108,Existing Customer,37,M,4,Graduate,Married,$80K - $120K,Blue,26,6,3,2846,1818,1473,37
712595433,Existing Customer,58,M,2,Uneducated,Unknown,$120K +,Blue,49,6,3,9788,1794,1805,37
714982383,Existing Customer,55,M,2,High School,Married,$60K - $80K,Blue,36,4,3,7231,2381,1421,23
813814008,Existing Customer,53,F,1,High School,Married,Less than $40K,Blue,48,6,2,2324,1576,1272,37
794545983,Existing Customer,57,M,2,Graduate,Married,$80K - $120K,Blue,40,3,3,12208,1980,1409,34
708288108,Attrited Customer,43,M,4,Post-Graduate,Unknown,$80K - $120K,Blue,30,2,3,5639,1547,647,15
715585158,Existing Customer,58,M,1,Graduate,Married,$60K - $80K,Blue,46,3,2,10021,1617,1275,25
810449883,Existing Customer,64,M,0,Unknown,Married,Less than $40K,Blue,56,6,0,2215,1915,1270,27
789863208,Existing Customer,54,F,2,Graduate,Married,Less than $40K,Blue,44,3,3,2027,1480,1702,37
715022133,Existing Customer,53,M,2,Graduate,Married,$60K - $80K,Blue,47,6,2,6363,1162,1256,26
712506708,Existing Customer,39,F,3,College,Single,Less than $40K,Blue,25,6,2,3920,2008,3178,53
715699983,Existing Customer,56,M,3,High School,Married,$60K - $80K,Blue,36,5,3,9226,1233,1626,29
818942433,Existing Customer,54,F,4,Unknown,Divorced,Less than $40K,Blue,49,6,1,9376,1288,1562,33
712459233,Existing Customer,59,F,1,Post-Graduate,Married,$40K - $60K,Blue,46,5,3,1944,1346,1960,57
716545383,Existing Customer,42,M,3,Uneducated,Single,$40K - $60K,Blue,36,3,0,9599,1554,1154,38
721144383,Existing Customer,42,M,4,Graduate,Married,$60K - $80K,Silver,28,5,2,28202,843,1629,38
821837958,Existing Customer,43,M,3,College,Unknown,$80K - $120K,Blue,39,3,1,24850,1662,1226,25
804359133,Existing Customer,55,M,0,High School,Married,$120K +,Blue,49,5,3,3805,2233,1743,27
713308683,Existing Customer,52,M,1,Uneducated,Single,$80K - $120K,Blue,37,5,2,2733,1306,1139,39
788780958,Existing Customer,46,M,1,Uneducated,Unknown,$40K - $60K,Blue,27,6,3,12781,1253,1073,21
717354558,Attrited Customer,57,M,2,Uneducated,Married,$120K +,Blue,40,3,3,3106,1120,683,17
798473808,Existing Customer,48,M,3,College,Married,$80K - $120K,Blue,42,3,0,7477,0,1159,32
712372158,Existing Customer,45,M,4,Unknown,Married,$120K +,Blue,33,6,3,34516,2086,1859,47
715192308,Existing Customer,48,M,2,High School,Married,$120K +,Blue,36,6,2,29963,2094,1205,28
708813033,Existing Customer,47,M,1,Graduate,Single,$40K - $60K,Blue,36,5,0,6509,2033,1409,37
714639783,Attrited Customer,42,M,3,College,Married,$60K - $80K,Blue,34,3,3,13450,0,1000,18
709311633,Existing Customer,41,M,2,Graduate,Unknown,$60K - $80K,Silver,36,6,0,27000,0,1209,39
709470858,Existing Customer,51,M,4,College,Married,$120K +,Silver,31,5,1,34516,1254,1366,25
717292758,Existing Customer,55,F,2,Graduate,Single,Less than $40K,Blue,47,5,2,6347,0,1161,44
779241783,Existing Customer,67,M,1,Uneducated,Married,$40K - $60K,Blue,49,4,2,3106,1675,1512,38
715205358,Existing Customer,39,M,1,Graduate,Married,$60K - $80K,Blue,31,4,1,2536,913,1750,35
778871508,Existing Customer,54,M,3,Post-Graduate,Single,$60K - $80K,Blue,35,6,0,13048,1954,1170,24
779462433,Existing Customer,55,F,2,Unknown,Married,Less than $40K,Blue,37,3,1,2453,968,2218,50
710147958,Existing Customer,47,M,3,High School,Married,$40K - $60K,Silver,36,3,2,16138,1249,1198,33
709864833,Existing Customer,49,M,2,Post-Graduate,Married,$60K - $80K,Blue,38,3,0,8077,1965,1329,26
778868958,Attrited Customer,42,F,2,Graduate,Married,Less than $40K,Blue,23,3,3,1929,1673,857,36
717276708,Existing Customer,57,M,2,Unknown,Single,$80K - $120K,Blue,36,3,2,3127,2517,1470,30
710004933,Existing Customer,44,M,5,Uneducated,Married,$60K - $80K,Blue,36,3,2,8645,1454,1435,25
753606108,Existing Customer,56,M,3,Unknown,Single,$60K - $80K,Blue,49,3,3,1438.3,0,1093,22
710940183,Attrited Customer,49,F,3,Graduate,Married,Less than $40K,Blue,38,6,2,2185,0,715,20
718927533,Existing Customer,45,M,3,Graduate,Single,$80K - $120K,Blue,32,5,2,24487,2517,1512,42
719337408,Existing Customer,63,M,0,High School,Married,$60K - $80K,Blue,36,6,3,2567,0,2399,43
772308408,Existing Customer,44,M,3,Graduate,Single,$80K - $120K,Blue,33,6,3,4131,785,906,22
712981383,Existing Customer,44,F,4,College,Married,Less than $40K,Silver,37,3,2,10790,1930,1052,16
790099758,Existing Customer,40,M,3,High School,Married,$40K - $60K,Blue,33,4,3,6884,1001,975,11
709547658,Attrited Customer,39,M,2,Uneducated,Single,$60K - $80K,Blue,36,5,3,13961,1299,783,20
778770783,Existing Customer,42,M,4,High School,Married,$80K - $120K,Blue,30,6,0,29801,1916,990,21
713134458,Existing Customer,54,M,3,High School,Married,$120K +,Blue,43,4,1,13219,0,1097,24
712159083,Attrited Customer,58,F,4,Unknown,Married,Less than $40K,Blue,46,2,3,2536,0,901,35
713639958,Existing Customer,46,F,4,Graduate,Divorced,Less than $40K,Blue,36,5,1,9478,820,1327,41
771180033,Existing Customer,47,F,4,Unknown,Divorced,$40K - $60K,Blue,34,6,2,3502,1851,1814,31
717916758,Existing Customer,67,F,0,Unknown,Married,Unknown,Blue,56,4,3,10509,2388,1365,34
711089733,Existing Customer,50,F,2,College,Divorced,Less than $40K,Blue,36,3,0,1491,0,1058,34
716988633,Existing Customer,55,M,0,High School,Divorced,$60K - $80K,Blue,46,6,2,9734,0,1476,38
779031033,Existing Customer,46,F,2,Graduate,Married,$40K - $60K,Blue,22,6,3,2305,1627,1230,36
716302383,Existing Customer,47,F,4,Uneducated,Married,$40K - $60K,Blue,36,3,3,14241,2081,1581,44
718281408,Existing Customer,36,F,2,Unknown,Married,$40K - $60K,Blue,25,3,2,4789,1257,1534,29
721333233,Existing Customer,40,M,4,Doctorate,Divorced,$60K - $80K,Blue,34,4,3,23138,1727,1612,39
794496033,Existing Customer,57,M,2,Unknown,Single,$80K - $120K,Blue,38,6,3,23008,2280,1302,36
710519433,Existing Customer,48,M,1,Unknown,Divorced,$80K - $120K,Blue,36,3,0,3131,2517,1439,40
814995933,Existing Customer,58,F,3,Graduate,Married,Less than $40K,Blue,53,5,2,5798,1794,1724,45
721469433,Existing Customer,48,M,3,Graduate,Single,$40K - $60K,Blue,36,5,3,6880,1390,1784,35
788386908,Existing Customer,48,M,3,Graduate,Unknown,$80K - $120K,Platinum,41,3,2,34516,1531,1156,29
717198633,Existing Customer,53,F,2,College,Married,$40K - $60K,Blue,34,6,1,2075,1469,2556,49
767695083,Existing Customer,50,M,2,Graduate,Married,$80K - $120K,Blue,44,3,0,4589,0,1590,37
711791583,Attrited Customer,52,F,1,Graduate,Single,Less than $40K,Blue,40,1,2,2317,0,884,19
712315683,Attrited Customer,53,F,2,Uneducated,Single,Less than $40K,Blue,45,1,1,1981,1518,973,25
710038008,Existing Customer,56,F,1,Graduate,Single,$40K - $60K,Blue,47,3,1,6038,0,1447,30
789129033,Existing Customer,44,M,5,Unknown,Single,$80K - $120K,Blue,32,5,2,14910,877,1150,26
718349058,Existing Customer,49,M,3,High School,Married,$80K - $120K,Blue,39,3,2,29659,1143,1193,21
789842283,Attrited Customer,54,M,2,Graduate,Married,$60K - $80K,Blue,42,3,2,4320,0,706,21
714513033,Existing Customer,39,F,1,Unknown,Single,$40K - $60K,Blue,36,6,3,11213,0,1257,23
714717483,Existing Customer,39,F,3,Uneducated,Divorced,Unknown,Blue,29,5,2,26181,0,1303,35
714900408,Existing Customer,41,F,4,High School,Single,Less than $40K,Blue,31,3,0,5773,0,1306,39
719418933,Attrited Customer,53,M,2,Uneducated,Married,$80K - $120K,Blue,36,1,3,4503,0,748,20
720115683,Existing Customer,47,M,3,Uneducated,Married,$80K - $120K,Blue,36,6,2,29770,1565,1774,42
779504058,Existing Customer,46,F,2,Post-Graduate,Married,Less than $40K,Blue,28,5,1,5014,1910,1209,25
795979833,Existing Customer,53,F,1,High School,Married,Less than $40K,Blue,47,6,2,3445,1074,1074,31
717392358,Existing Customer,60,M,1,Graduate,Married,$80K - $120K,Blue,50,6,2,23412,1078,1786,50
718640508,Existing Customer,59,F,0,Graduate,Single,Less than $40K,Blue,46,4,2,3044,1611,1456,36
803366358,Existing Customer,38,M,1,Unknown,Single,$60K - $80K,Blue,29,5,1,14596,2192,1300,25
709230708,Existing Customer,56,M,4,Uneducated,Single,Less than $40K,Blue,36,3,2,3864,1654,1470,42
781794708,Attrited Customer,35,M,3,Post-Graduate,Unknown,$80K - $120K,Blue,29,2,3,17030,1911,715,25
801383808,Existing Customer,50,M,3,Graduate,Single,$60K - $80K,Blue,44,4,3,23090,839,1198,24
710677608,Existing Customer,53,M,2,Post-Graduate,Unknown,$80K - $120K,Blue,36,4,0,29205,1208,1556,43
708217758,Existing Customer,63,M,2,Graduate,Married,$60K - $80K,Blue,49,5,3,14035,2061,1606,30
714272658,Attrited Customer,43,F,2,Uneducated,Single,Less than $40K,Blue,24,2,2,2962,2517,929,31
717469158,Existing Customer,46,M,2,Unknown,Married,$80K - $120K,Blue,30,6,0,18578,1385,1606,54
711864783,Existing Customer,61,M,1,Uneducated,Single,$60K - $80K,Blue,46,5,2,2201,1138,1199,32
719407983,Existing Customer,37,F,0,Post-Graduate,Married,Less than $40K,Blue,25,4,2,2061,1483,2400,60
710665533,Existing Customer,42,F,5,Doctorate,Married,Unknown,Blue,23,4,2,24602,1660,1337,44
716804283,Existing Customer,41,M,2,Uneducated,Divorced,$120K +,Blue,29,3,2,15911,896,1270,33
767294658,Attrited Customer,56,M,2,College,Single,$120K +,Blue,50,2,3,16867,0,654,14
709122483,Existing Customer,56,M,3,Graduate,Married,$60K - $80K,Blue,37,3,0,2783,1526,1909,54
708241233,Attrited Customer,52,F,3,Post-Graduate,Single,Less than $40K,Blue,47,3,2,2972,0,922,25
717860358,Existing Customer,40,F,3,High School,Single,$40K - $60K,Blue,36,5,2,5124,2235,1158,42
789337233,Existing Customer,63,M,1,Graduate,Married,$40K - $60K,Blue,53,6,2,2880,2362,1323,26
720902133,Existing Customer,58,M,1,High School,Single,$40K - $60K,Blue,46,4,0,5579,0,1025,35
721043058,Existing Customer,58,M,4,Unknown,Married,$60K - $80K,Blue,44,5,3,12010,2149,1700,35
711870333,Existing Customer,46,M,2,Uneducated,Divorced,$80K - $120K,Blue,36,6,3,34516,1597,1628,51
708398283,Existing Customer,37,F,1,Graduate,Married,$40K - $60K,Blue,29,5,2,4394,885,1377,32
715878183,Existing Customer,46,M,4,Graduate,Single,$80K - $120K,Blue,35,4,3,18325,723,1517,33
719451483,Existing Customer,46,F,4,Post-Graduate,Married,Less than $40K,Blue,37,5,2,3773,1972,1528,25
709110633,Existing Customer,41,M,1,Graduate,Single,$80K - $120K,Blue,29,5,3,21684,1748,1329,24
721059033,Existing Customer,48,F,3,High School,Divorced,$40K - $60K,Blue,40,4,2,1919,774,1505,33
779912283,Existing Customer,49,F,3,Graduate,Single,$40K - $60K,Blue,33,5,2,9995,1713,1172,38
717701733,Existing Customer,44,M,2,Graduate,Married,$80K - $120K,Blue,35,3,2,11910,2098,1646,39
709913733,Existing Customer,39,F,3,College,Married,Less than $40K,Blue,36,4,0,2279,1529,1693,32
718768158,Existing Customer,57,M,1,College,Single,$40K - $60K,Blue,48,3,2,3539,0,1336,23
721375308,Existing Customer,48,M,3,High School,Married,$80K - $120K,Blue,36,5,3,30579,1351,1289,19
711374283,Existing Customer,47,M,3,High School,Single,$80K - $120K,Blue,42,4,0,24480,1923,1416,32
822893133,Existing Customer,56,F,1,Uneducated,Divorced,Unknown,Blue,52,6,2,17561,0,1608,33
778465533,Existing Customer,54,F,0,College,Married,Less than $40K,Blue,40,3,2,1638,0,1885,51
712138983,Existing Customer,54,M,1,Graduate,Married,$60K - $80K,Blue,36,3,2,2947,2216,1744,53
716920908,Existing Customer,52,M,4,High School,Married,$80K - $120K,Blue,42,6,0,5738,1112,1922,48
708095133,Existing Customer,43,M,4,Unknown,Unknown,$120K +,Blue,34,5,2,33304,1833,1448,29
711195558,Existing Customer,59,M,1,College,Single,$40K - $60K,Blue,48,6,3,7251,1603,1300,36
772735758,Existing Customer,44,M,1,Unknown,Married,Unknown,Blue,34,6,0,2885,1895,1366,31
712024908,Existing Customer,56,F,1,College,Married,Less than $40K,Blue,36,6,3,2641,1257,1439,39
778239933,Existing Customer,45,F,4,Graduate,Married,Unknown,Blue,35,6,0,2801,2043,1241,46
714893733,Existing Customer,55,M,1,High School,Married,$80K - $120K,Blue,45,3,3,16794,809,1917,33
754886958,Existing Customer,48,F,3,College,Divorced,$40K - $60K,Blue,41,4,3,9336,1672,1391,39
710104908,Existing Customer,56,F,5,College,Single,Less than $40K,Blue,43,4,0,2763,2517,1246,31
710558883,Existing Customer,41,M,3,Uneducated,Married,$60K - $80K,Blue,36,5,2,17391,1044,1248,27
713827383,Existing Customer,65,F,1,High School,Married,Less than $40K,Blue,36,3,0,3198,2493,1936,44
720267033,Existing Customer,34,M,4,Post-Graduate,Single,$80K - $120K,Blue,26,3,2,5100,1786,2375,63
712049208,Existing Customer,56,M,3,Post-Graduate,Married,$60K - $80K,Blue,39,3,2,3955,2517,1238,25
708688608,Existing Customer,62,F,1,High School,Married,Less than $40K,Blue,48,5,1,3140,1985,1626,41
716223708,Attrited Customer,45,F,3,Uneducated,Single,Unknown,Blue,36,3,3,4028,710,791,22
713217858,Existing Customer,38,F,2,Uneducated,Single,Less than $40K,Blue,32,5,3,2264,0,1204,28
819352983,Existing Customer,49,M,3,Unknown,Unknown,$120K +,Blue,44,5,2,21620,2008,1300,33
711019308,Existing Customer,58,M,2,High School,Single,$60K - $80K,Blue,45,3,0,6385,1535,1612,47
768600558,Existing Customer,41,F,4,Graduate,Single,$40K - $60K,Blue,31,4,3,2375,1658,1071,28
710202783,Existing Customer,33,M,2,Graduate,Married,$60K - $80K,Blue,13,3,3,1963,1721,1378,37
712899333,Existing Customer,47,F,4,College,Single,Less than $40K,Blue,37,6,2,4256,1084,1100,29
767036433,Existing Customer,56,F,1,Graduate,Married,Less than $40K,Blue,49,5,0,5097,1152,2052,45
793473033,Existing Customer,51,M,1,Graduate,Single,$60K - $80K,Blue,45,3,3,3228,2517,1349,33
721232058,Existing Customer,49,M,1,Graduate,Unknown,$40K - $60K,Silver,41,6,3,20231,977,1215,36
719443683,Attrited Customer,50,M,1,Unknown,Single,$120K +,Blue,39,3,3,27512,2137,1149,25
715449333,Existing Customer,55,F,3,Unknown,Married,$40K - $60K,Blue,47,5,0,1929,1540,2354,50
717998058,Existing Customer,26,M,0,Graduate,Single,Less than $40K,Blue,13,6,2,2585,2019,2644,40
779610033,Attrited Customer,58,M,1,College,Married,$80K - $120K,Blue,47,3,3,12151,1799,918,14
827332983,Existing Customer,46,M,3,High School,Single,$80K - $120K,Gold,42,3,2,34516,2113,1362,31
721183983,Existing Customer,48,M,4,High School,Married,$120K +,Blue,31,6,1,34516,1013,1222,37
718426533,Existing Customer,42,M,4,Uneducated,Divorced,$60K - $80K,Blue,32,4,2,5504,0,1364,32
710698233,Existing Customer,37,M,4,Graduate,Married,$80K - $120K,Blue,28,4,2,10021,1203,1463,40
780253533,Existing Customer,63,F,0,Unknown,Married,Less than $40K,Blue,49,5,0,3558,2318,1631,31
793581933,Existing Customer,50,M,3,High School,Single,$40K - $60K,Silver,44,4,4,19853,1513,1878,55
719229708,Existing Customer,41,F,1,High School,Single,$40K - $60K,Blue,31,6,2,4969,838,1489,32
715158483,Existing Customer,48,F,3,Graduate,Divorced,Less than $40K,Blue,40,3,3,3117,1603,1437,37
809296308,Existing Customer,46,M,2,College,Single,$80K - $120K,Blue,41,4,0,21526,2332,1313,37
778176108,Existing Customer,61,M,0,High School,Single,$60K - $80K,Blue,51,4,2,5504,1412,1290,38
796532958,Existing Customer,59,F,0,Unknown,Married,Less than $40K,Blue,53,4,2,5512,1124,1975,49
709345008,Attrited Customer,53,F,2,Doctorate,Married,Unknown,Blue,39,1,3,1438.3,0,807,22
717049533,Existing Customer,39,F,3,Doctorate,Unknown,$40K - $60K,Blue,28,5,0,7262,1466,1438,28
719366358,Existing Customer,51,M,3,High School,Married,$120K +,Blue,40,6,2,7319,1692,1233,29
721417233,Attrited Customer,45,M,2,Graduate,Married,$60K - $80K,Blue,25,3,3,1438.3,0,709,27
711622683,Existing Customer,48,M,4,Unknown,Single,$60K - $80K,Blue,30,4,3,7712,1387,1597,39
714578283,Existing Customer,47,M,1,Graduate,Married,$60K - $80K,Blue,37,6,0,2053,0,1283,28
769574883,Existing Customer,41,M,2,High School,Married,$40K - $60K,Blue,32,3,3,12804,2517,1101,37
717643608,Existing Customer,48,M,4,College,Married,$80K - $120K,Blue,36,3,2,26443,1601,1593,36
709198158,Existing Customer,50,F,4,Graduate,Single,Less than $40K,Blue,36,6,0,3125,1928,1631,46
712419708,Existing Customer,56,F,2,Post-Graduate,Married,Less than $40K,Blue,48,6,2,4930,2259,2194,53
709103358,Existing Customer,39,F,2,College,Single,Less than $40K,Blue,36,6,3,9476,0,1128,27
716966808,Existing Customer,47,M,1,Graduate,Married,$80K - $120K,Blue,37,6,3,11722,1667,1497,35
772264383,Existing Customer,44,M,2,Graduate,Single,$120K +,Blue,33,4,3,13301,0,1385,50
721057758,Existing Customer,61,F,1,Unknown,Married,Unknown,Blue,47,4,3,1438.3,0,1449,27
769137108,Attrited Customer,43,F,2,Post-Graduate,Married,Less than $40K,Blue,37,3,1,1438.3,0,974,28
717640083,Attrited Customer,59,M,1,High School,Married,$60K - $80K,Blue,36,3,3,6705,0,731,18
716445783,Existing Customer,42,F,2,Uneducated,Married,Unknown,Blue,31,4,0,22718,0,1191,37
708579633,Existing Customer,40,M,4,Unknown,Divorced,$40K - $60K,Gold,28,4,2,23981,1788,1421,34
718715583,Existing Customer,65,M,2,Unknown,Married,Less than $40K,Blue,56,4,4,2318,1010,1256,35
778686408,Existing Customer,48,M,1,College,Married,$60K - $80K,Blue,29,4,2,19324,1040,1744,50
715015683,Existing Customer,44,M,2,Graduate,Single,$40K - $60K,Blue,34,5,1,5331,1993,1766,39
805254708,Existing Customer,36,F,4,Unknown,Married,Unknown,Blue,31,5,0,15700,1276,2229,48
710462433,Existing Customer,45,M,4,Graduate,Single,$60K - $80K,Blue,30,6,2,17625,894,1773,39
721342383,Existing Customer,39,M,2,Graduate,Married,$80K - $120K,Blue,34,6,2,17438,0,1860,37
720179883,Existing Customer,40,M,4,College,Unknown,$80K - $120K,Blue,25,3,1,1962,0,1179,27
794977533,Attrited Customer,62,M,0,High School,Married,$60K - $80K,Blue,56,3,2,8077,0,906,16
779445108,Existing Customer,26,M,0,Graduate,Single,$40K - $60K,Blue,13,6,2,3290,1616,2781,54
718193958,Existing Customer,60,M,0,Uneducated,Single,Less than $40K,Blue,53,5,2,2402,1728,1650,53
710955633,Existing Customer,54,F,3,Doctorate,Single,Less than $40K,Blue,42,6,0,9256,1999,1446,37
716149383,Existing Customer,62,M,0,Graduate,Married,$60K - $80K,Blue,36,6,3,3674,895,1703,48
752604633,Attrited Customer,57,M,2,College,Married,$40K - $60K,Blue,50,2,3,6462,0,761,17
713889933,Existing Customer,59,M,0,Graduate,Single,$40K - $60K,Blue,48,4,2,1638,0,1536,44
709446783,Existing Customer,46,M,4,Graduate,Single,$60K - $80K,Blue,38,3,2,4335,2480,1373,36
789115833,Existing Customer,44,M,4,High School,Single,$60K - $80K,Blue,32,5,2,3233,1034,1256,29
711242058,Attrited Customer,48,M,4,Unknown,Single,$80K - $120K,Blue,36,1,1,11862,2517,643,16
787623858,Existing Customer,43,M,2,Uneducated,Divorced,$120K +,Silver,24,4,0,34516,1938,1215,45
709040508,Existing Customer,57,M,4,Uneducated,Married,$120K +,Blue,38,6,2,19802,1961,2244,58
708864708,Existing Customer,46,M,3,College,Unknown,$80K - $120K,Blue,36,4,2,24869,1729,1409,36
717758583,Existing Customer,40,M,3,High School,Unknown,$60K - $80K,Blue,36,4,1,3624,1975,1469,23
715416633,Existing Customer,54,M,1,Unknown,Married,$80K - $120K,Blue,36,4,2,6175,960,1847,59
717956283,Existing Customer,57,F,1,Graduate,Single,$40K - $60K,Blue,48,5,0,10953,1945,1277,29
721379433,Existing Customer,44,M,4,Graduate,Married,$60K - $80K,Blue,28,6,3,11338,0,1227,24
712027683,Existing Customer,47,F,2,Doctorate,Married,Less than $40K,Blue,35,3,2,5544,1184,1336,38
716027208,Existing Customer,47,M,4,Doctorate,Married,$60K - $80K,Blue,36,4,1,19665,706,1110,58
720475233,Existing Customer,50,F,2,High School,Married,Less than $40K,Blue,43,6,3,2927,1412,1474,26
712275108,Existing Customer,53,F,3,College,Married,$40K - $60K,Blue,33,4,3,5146,1618,1955,44
718121658,Attrited Customer,56,M,1,College,Married,$60K - $80K,Blue,44,5,3,1704,0,660,17
711593808,Attrited Customer,55,M,1,High School,Married,$60K - $80K,Blue,46,2,3,1438.3,0,888,18
716222808,Existing Customer,53,F,4,High School,Married,Less than $40K,Blue,36,6,3,2974,1170,1785,45
718731183,Attrited Customer,61,M,1,Unknown,Married,$40K - $60K,Blue,49,1,2,5472,788,705,14
788779008,Existing Customer,57,M,2,High School,Married,$60K - $80K,Blue,38,3,2,2736,1822,1211,25
710404533,Existing Customer,50,M,2,Graduate,Married,$80K - $120K,Blue,37,6,1,1438.3,862,1391,40
711173058,Existing Customer,56,F,2,Unknown,Married,Unknown,Blue,45,4,0,5406,1782,1407,29
715383108,Existing Customer,52,M,2,Graduate,Single,$120K +,Blue,44,5,1,34516,2174,1616,50
711697158,Existing Customer,60,M,0,Graduate,Married,Less than $40K,Blue,36,6,2,1976,1311,1498,43
709186983,Existing Customer,49,M,4,Uneducated,Married,$80K - $120K,Blue,40,3,1,8714,2252,1536,38
808964433,Existing Customer,46,F,4,Doctorate,Divorced,Less than $40K,Blue,41,4,1,8693,1378,1594,45
711948333,Existing Customer,42,M,1,Uneducated,Married,$80K - $120K,Blue,36,6,2,9247,710,1190,30
710541858,Existing Customer,45,M,3,High School,Married,Less than $40K,Blue,33,6,0,7717,1430,1248,37
713865333,Attrited Customer,45,F,4,Uneducated,Married,Less than $40K,Blue,38,3,3,4908,0,827,21
797707008,Attrited Customer,44,F,3,Doctorate,Married,Less than $40K,Blue,38,6,3,7222,0,920,18
713490483,Existing Customer,61,M,0,Uneducated,Single,$80K - $120K,Blue,48,6,2,21740,0,1755,54
720370533,Attrited Customer,55,M,3,Uneducated,Married,$60K - $80K,Blue,44,3,2,2323,0,804,15
779743908,Existing Customer,44,M,4,Unknown,Divorced,$60K - $80K,Blue,29,4,2,7788,0,1196,30
718675158,Attrited Customer,55,F,1,Unknown,Married,Less than $40K,Blue,36,4,3,1438.3,361,850,22
710784333,Existing Customer,57,M,2,Unknown,Married,$120K +,Blue,36,3,2,23700,1314,1644,28
816596583,Existing Customer,45,M,2,Doctorate,Married,$80K - $120K,Blue,40,6,1,11710,693,1749,50
717517758,Existing Customer,57,F,0,High School,Married,$40K - $60K,Blue,45,3,2,2278,845,2307,45
712880283,Existing Customer,31,M,0,Uneducated,Married,$40K - $60K,Blue,22,3,0,4048,1113,1757,45
753226158,Existing Customer,34,F,2,Graduate,Married,Less than $40K,Blue,24,6,2,3663,1853,1826,35
720605808,Attrited Customer,53,F,1,Graduate,Single,Less than $40K,Blue,36,2,3,1438.3,0,799,17
758317233,Existing Customer,35,F,1,College,Single,Unknown,Blue,28,4,2,3518,1575,2121,60
711028308,Existing Customer,44,F,4,Graduate,Married,Less than $40K,Blue,36,4,0,1717,0,1468,29
814852533,Existing Customer,50,M,1,Graduate,Married,$80K - $120K,Blue,45,3,2,16813,1185,1482,46
711526533,Existing Customer,33,M,3,Post-Graduate,Married,$80K - $120K,Blue,25,4,3,16434,2104,1726,37
804403908,Existing Customer,50,M,3,Graduate,Single,$60K - $80K,Blue,45,4,3,21872,1118,1806,31
716999883,Existing Customer,51,M,4,High School,Married,$80K - $120K,Blue,41,5,0,15897,1437,1405,43
716452083,Existing Customer,56,F,4,Unknown,Married,Less than $40K,Blue,46,5,2,4271,1150,2052,50
787599258,Existing Customer,55,F,3,Graduate,Single,Less than $40K,Blue,29,6,2,7361,1309,1175,34
714495258,Existing Customer,26,M,0,College,Single,Less than $40K,Blue,36,4,3,1438.3,479,1786,37
717713283,Existing Customer,42,F,3,Graduate,Married,Less than $40K,Blue,33,6,3,8628,1077,1675,58
789317883,Existing Customer,54,M,2,College,Married,$80K - $120K,Blue,44,4,3,18750,1705,1200,36
714500883,Existing Customer,44,F,3,Graduate,Married,Unknown,Blue,36,4,3,21242,819,1283,37
789467508,Existing Customer,65,F,0,Graduate,Married,$40K - $60K,Blue,56,5,0,2961,1570,1937,57
710317758,Existing Customer,38,F,3,High School,Married,Unknown,Blue,29,4,2,11327,1528,2033,38
711231558,Existing Customer,58,M,3,High School,Married,$60K - $80K,Blue,40,6,3,8308,2517,1915,37
716829483,Existing Customer,39,F,3,Post-Graduate,Married,$40K - $60K,Blue,28,4,2,3249,2217,1988,36
779713608,Existing Customer,52,M,2,High School,Married,$120K +,Blue,36,5,2,2981,1358,1648,30
711628458,Existing Customer,45,F,3,Graduate,Married,Less than $40K,Blue,31,4,0,8829,901,1902,45
718943508,Existing Customer,42,M,3,Unknown,Single,$80K - $120K,Blue,33,3,2,3714,2170,1454,35
770724558,Attrited Customer,42,M,2,College,Married,$60K - $80K,Blue,28,6,3,7340,0,838,24
783561558,Existing Customer,57,M,4,Post-Graduate,Married,$120K +,Blue,51,4,3,16952,0,1918,61
719309958,Attrited Customer,55,M,3,Doctorate,Single,$80K - $120K,Blue,35,4,3,20865,0,837,25
788785083,Existing Customer,44,F,3,College,Unknown,Less than $40K,Blue,25,6,2,3083,1040,4311,78
780481308,Existing Customer,37,F,3,Graduate,Married,Unknown,Blue,24,3,2,10584,1550,1567,33
711757383,Existing Customer,50,F,3,Unknown,Married,Less than $40K,Blue,42,4,2,2240,0,1905,39
787550808,Existing Customer,51,M,2,Graduate,Married,$40K - $60K,Blue,40,5,2,12240,1566,1422,26
779863533,Existing Customer,37,M,1,Graduate,Married,$80K - $120K,Blue,21,6,0,5120,0,1680,32
714529233,Existing Customer,36,F,2,Graduate,Married,Less than $40K,Blue,24,3,3,3124,1593,1652,41
708177333,Existing Customer,51,F,2,High School,Married,Less than $40K,Silver,36,5,0,11261,2485,1158,26
812019933,Existing Customer,65,M,1,Uneducated,Married,$40K - $60K,Blue,56,3,2,2468,2021,1797,46
708557358,Existing Customer,43,M,2,College,Married,$60K - $80K,Blue,28,4,3,22157,1355,1911,55
713580633,Existing Customer,46,M,3,Graduate,Married,$40K - $60K,Blue,32,6,3,11477,0,1260,27
711466533,Existing Customer,43,F,2,Graduate,Married,Less than $40K,Blue,33,5,2,3933,852,1489,45
802276683,Existing Customer,56,M,3,Graduate,Married,$80K - $120K,Blue,50,3,3,8022,1372,1794,31
780913308,Existing Customer,43,M,3,Unknown,Single,$60K - $80K,Blue,34,6,0,13771,2517,1510,42
808897683,Attrited Customer,53,M,1,Graduate,Single,$80K - $120K,Blue,48,3,3,30271,1406,3231,47
719428308,Existing Customer,50,M,2,High School,Unknown,$60K - $80K,Blue,41,6,2,3244,1762,1274,32
713010483,Existing Customer,43,F,3,Graduate,Married,$40K - $60K,Blue,36,6,3,2936,2379,1572,57
717006333,Existing Customer,54,M,3,High School,Married,$80K - $120K,Blue,36,6,2,1438.3,1133,1935,41
787621158,Existing Customer,33,M,2,Unknown,Married,$60K - $80K,Blue,25,6,3,6242,491,2187,59
716924058,Existing Customer,58,F,2,Uneducated,Married,$40K - $60K,Blue,49,3,3,6175,1166,1417,25
720916683,Existing Customer,41,M,3,Graduate,Single,$80K - $120K,Blue,26,4,2,11806,1811,1465,31
720923658,Existing Customer,48,M,3,Post-Graduate,Single,$60K - $80K,Blue,39,5,2,4734,954,1570,45
712710708,Existing Customer,55,M,2,High School,Single,$40K - $60K,Blue,36,5,0,6244,2517,1445,40
718939083,Attrited Customer,54,F,2,Graduate,Married,Less than $40K,Blue,45,3,3,1438.3,306,694,15
779519058,Existing Customer,51,F,3,Post-Graduate,Divorced,Unknown,Platinum,34,3,2,34516,1578,1929,40
719085933,Existing Customer,35,M,3,Graduate,Single,$80K - $120K,Blue,24,4,2,23561,864,2447,64
715124958,Existing Customer,50,M,3,Uneducated,Single,$80K - $120K,Blue,36,5,3,24742,1676,1306,31
712979133,Attrited Customer,55,M,4,High School,Married,$80K - $120K,Blue,41,2,2,27560,900,646,10
712006308,Existing Customer,45,F,0,College,Divorced,Less than $40K,Blue,35,6,3,5923,1686,1236,35
710801133,Existing Customer,34,M,2,Uneducated,Married,$60K - $80K,Blue,36,6,2,8581,2326,2513,63
712490283,Existing Customer,55,F,4,Graduate,Married,$40K - $60K,Blue,41,4,3,3156,2517,2091,48
720071583,Attrited Customer,48,F,2,Unknown,Married,Less than $40K,Blue,36,5,3,7151,800,854,22
717958833,Existing Customer,46,M,4,Graduate,Married,$60K - $80K,Blue,35,5,2,1535,700,1848,25
812420358,Attrited Customer,61,F,0,Graduate,Married,Less than $40K,Blue,56,3,3,2122,554,949,17
712370208,Existing Customer,48,M,1,Uneducated,Unknown,$60K - $80K,Blue,35,3,2,17131,1213,1371,37
715940358,Existing Customer,51,F,1,Graduate,Married,Less than $40K,Blue,42,6,2,5822,2387,1804,49
715041333,Existing Customer,39,M,3,Doctorate,Married,$60K - $80K,Blue,29,3,3,3537,2517,1605,43
712797258,Existing Customer,43,M,3,Graduate,Married,$120K +,Blue,33,3,3,34516,2129,1463,38
769170558,Existing Customer,53,M,3,Graduate,Single,$60K - $80K,Blue,47,6,3,16320,0,1279,41
715884858,Existing Customer,38,M,2,High School,Married,$80K - $120K,Blue,36,5,3,2407,843,1470,28
796343058,Existing Customer,49,F,2,High School,Single,Less than $40K,Blue,43,4,2,3538,0,1265,38
783910008,Existing Customer,37,F,0,Unknown,Married,Less than $40K,Blue,31,5,2,2684,1381,2002,60
718888308,Existing Customer,53,M,3,Graduate,Single,$80K - $120K,Blue,36,4,2,34516,2517,1475,33
785114808,Existing Customer,46,M,2,Post-Graduate,Single,$40K - $60K,Silver,40,4,2,15459,0,1419,30
709852908,Existing Customer,44,F,3,Uneducated,Single,Less than $40K,Blue,36,5,3,4307,0,1628,37
823528833,Existing Customer,50,F,1,Unknown,Single,Less than $40K,Blue,46,4,3,2081,1235,1337,29
719679858,Existing Customer,58,F,2,Uneducated,Married,$40K - $60K,Blue,47,3,2,2848,1468,1135,27
827108583,Existing Customer,55,M,3,High School,Single,$120K +,Blue,51,3,3,34516,1266,1161,26
787833333,Existing Customer,44,M,3,College,Unknown,$80K - $120K,Blue,35,6,2,6361,1292,1571,38
719781183,Existing Customer,57,M,4,High School,Married,$80K - $120K,Blue,38,4,3,15428,1553,1916,40
710429358,Existing Customer,57,M,1,High School,Married,$40K - $60K,Blue,48,5,3,2544,1927,1346,30
798792408,Attrited Customer,48,M,3,High School,Married,$80K - $120K,Blue,42,1,3,9959,0,805,24
710280558,Existing Customer,51,M,1,Graduate,Single,$60K - $80K,Blue,39,3,2,8796,2517,1195,18
809825358,Existing Customer,53,F,3,Uneducated,Married,Less than $40K,Blue,48,6,3,3428,1566,1155,34
714451833,Existing Customer,45,F,1,Doctorate,Single,Less than $40K,Blue,36,6,2,1438.3,0,1431,34
713943783,Existing Customer,41,M,4,Post-Graduate,Married,$60K - $80K,Blue,32,5,2,18001,906,1194,25
710706558,Existing Customer,51,F,4,Graduate,Single,Less than $40K,Blue,42,3,3,2680,1753,1154,33
713620308,Existing Customer,46,F,2,High School,Married,Less than $40K,Blue,35,6,3,4675,1734,1232,34
813453408,Existing Customer,40,F,5,College,Married,Less than $40K,Blue,35,3,3,2448,1693,1269,30
818248383,Existing Customer,33,M,2,Doctorate,Married,$60K - $80K,Blue,28,3,3,4049,0,1742,35
780106908,Existing Customer,53,M,1,High School,Single,$80K - $120K,Blue,38,6,2,8154,996,1379,26
708938508,Existing Customer,63,M,1,High School,Married,$40K - $60K,Blue,36,5,2,4559,1571,1870,35
709671708,Existing Customer,61,M,0,Uneducated,Single,$80K - $120K,Blue,36,4,1,19354,984,1207,32
711204483,Attrited Customer,56,M,4,High School,Married,$60K - $80K,Blue,46,3,3,2340,1930,781,15
801728658,Existing Customer,53,M,2,Graduate,Single,$60K - $80K,Blue,47,6,0,13848,1389,1773,38
713945883,Attrited Customer,62,F,2,Graduate,Married,Less than $40K,Blue,52,4,2,2490,513,864,20
779558733,Existing Customer,50,F,4,Unknown,Married,Unknown,Silver,36,6,2,32156,1791,1559,39
788370258,Existing Customer,37,M,4,Graduate,Married,$60K - $80K,Blue,30,5,2,2578,2517,1830,64
714927333,Existing Customer,62,F,0,Graduate,Married,Unknown,Blue,52,6,2,9050,1538,1542,43
710383158,Existing Customer,49,M,3,Uneducated,Single,$80K - $120K,Silver,41,4,2,34516,0,1506,47
798007308,Existing Customer,57,F,3,High School,Married,Unknown,Blue,51,6,0,8362,0,1175,41
711768858,Existing Customer,55,M,2,High School,Married,$80K - $120K,Blue,36,3,3,6514,2258,1383,20
714888633,Existing Customer,50,M,1,Graduate,Married,$80K - $120K,Blue,42,3,4,4051,1183,1837,57
712650333,Existing Customer,48,M,3,College,Married,$60K - $80K,Blue,37,3,2,11959,1665,1191,40
719945433,Existing Customer,60,F,1,Uneducated,Divorced,$40K - $60K,Blue,48,3,2,2070,0,1793,53
720310458,Existing Customer,46,M,1,Unknown,Single,$120K +,Blue,32,5,1,11840,1295,1560,49
718344033,Existing Customer,47,M,2,College,Married,$120K +,Blue,35,4,2,3636,1010,1564,59
715442958,Existing Customer,54,M,2,Uneducated,Married,$60K - $80K,Blue,36,3,3,11067,2517,1843,38
780326883,Existing Customer,53,M,2,Doctorate,Married,$60K - $80K,Blue,40,3,3,11262,1435,2165,61
711157833,Existing Customer,56,F,3,Graduate,Single,$40K - $60K,Blue,36,4,0,5108,1656,1631,41
719704308,Existing Customer,56,F,4,High School,Married,$40K - $60K,Blue,36,5,1,2072,1543,1265,32
708772308,Existing Customer,41,M,3,Uneducated,Married,$80K - $120K,Blue,24,4,3,4119,1656,1455,35
817663908,Existing Customer,60,F,1,Graduate,Married,$40K - $60K,Blue,42,5,3,5903,1335,1137,27
780054258,Existing Customer,40,M,5,Graduate,Unknown,$40K - $60K,Blue,25,6,3,7860,541,1367,35
709990983,Existing Customer,49,F,3,Post-Graduate,Married,$40K - $60K,Blue,36,6,2,5918,842,1292,26
818045958,Existing Customer,46,M,4,Graduate,Single,$40K - $60K,Blue,41,5,2,6741,1745,1682,46
716380683,Existing Customer,36,F,3,High School,Married,Less than $40K,Blue,36,6,2,3880,1542,1598,39
787480158,Existing Customer,57,F,2,Unknown,Married,Less than $40K,Blue,45,4,0,2494,1639,1555,39
778461408,Existing Customer,38,M,1,High School,Married,$80K - $120K,Blue,23,4,2,22149,987,2409,36
713861733,Existing Customer,50,M,3,Graduate,Divorced,$80K - $120K,Blue,36,4,1,34516,1542,1770,65
789291633,Existing Customer,62,M,0,Graduate,Married,$60K - $80K,Blue,51,3,0,5450,967,1526,45
789513858,Attrited Customer,43,M,3,Unknown,Married,$40K - $60K,Blue,35,2,3,1438.3,0,891,28
778357458,Existing Customer,44,F,5,Unknown,Single,Less than $40K,Blue,24,4,3,2003,1224,1756,42
718325883,Existing Customer,39,M,2,Uneducated,Single,$40K - $60K,Blue,32,6,2,7723,1902,1241,22
720344658,Existing Customer,38,M,2,College,Married,$80K - $120K,Blue,23,4,1,18226,1847,1681,43
809292483,Existing Customer,44,F,4,College,Married,Less than $40K,Blue,39,4,2,8128,1846,1224,32
779791008,Existing Customer,43,M,3,High School,Married,$80K - $120K,Blue,32,6,3,5851,1660,1572,38
779557533,Existing Customer,54,M,1,Post-Graduate,Single,$80K - $120K,Blue,40,6,3,10260,942,1566,50
795904233,Existing Customer,38,F,3,Unknown,Single,Unknown,Blue,32,5,0,26945,727,1579,40
710573808,Existing Customer,55,M,2,Unknown,Single,$60K - $80K,Blue,36,6,3,2243,1418,1334,31
717418158,Existing Customer,42,M,5,Unknown,Unknown,$120K +,Blue,36,4,2,34516,1839,1230,34
771963708,Attrited Customer,56,M,3,Unknown,Married,$60K - $80K,Blue,45,5,2,12248,0,767,25
712433508,Attrited Customer,59,F,1,Unknown,Married,Unknown,Blue,50,3,3,1438.3,0,724,16
779320983,Existing Customer,46,M,4,Uneducated,Single,$80K - $120K,Blue,28,4,2,19843,1178,1638,49
718093233,Existing Customer,55,F,2,Post-Graduate,Married,Less than $40K,Blue,45,3,3,2163,0,1349,47
719459358,Existing Customer,52,M,1,Doctorate,Married,$120K +,Blue,41,4,2,33864,989,1751,48
717728808,Existing Customer,39,F,2,Graduate,Married,Less than $40K,Blue,26,3,2,4531,1214,1414,40
788701608,Existing Customer,42,F,4,Graduate,Single,Less than $40K,Blue,26,5,3,2950,1705,1260,32
778506633,Attrited Customer,43,F,4,College,Married,Less than $40K,Blue,23,6,3,7706,392,965,27
719989008,Existing Customer,47,F,1,High School,Unknown,Unknown,Blue,36,5,0,25657,2216,1121,25
791839233,Existing Customer,42,F,4,Unknown,Divorced,Unknown,Blue,36,5,2,17536,1525,1411,28
716918508,Existing Customer,39,M,1,College,Single,$40K - $60K,Blue,24,4,3,3770,1197,1602,49
717321783,Existing Customer,50,M,1,Uneducated,Single,$60K - $80K,Blue,45,5,2,10344,1274,1617,47
799000008,Existing Customer,57,M,2,Post-Graduate,Divorced,$120K +,Blue,51,4,1,26437,1472,1244,36
721517208,Existing Customer,41,M,4,Unknown,Married,Less than $40K,Blue,30,4,1,2450,1967,1263,29
719068683,Existing Customer,52,F,1,High School,Married,$40K - $60K,Blue,36,5,2,3136,1864,1036,25
709120008,Existing Customer,43,M,2,High School,Single,$60K - $80K,Blue,36,4,2,6976,0,1217,39
709117533,Existing Customer,42,M,3,High School,Single,$80K - $120K,Blue,36,4,1,21134,1508,1556,35
816594183,Existing Customer,58,F,2,Uneducated,Married,$40K - $60K,Blue,53,6,3,2019,1380,2005,62
789485433,Existing Customer,42,M,4,College,Married,$80K - $120K,Blue,34,3,3,34516,668,1698,67
712881483,Existing Customer,55,M,1,Post-Graduate,Married,$80K - $120K,Blue,45,5,3,9959,1890,2041,45
712689333,Existing Customer,38,M,2,Unknown,Single,$80K - $120K,Blue,28,4,2,20241,1203,1102,31
771492408,Existing Customer,40,F,2,Graduate,Married,Less than $40K,Blue,28,3,2,2421,1747,1346,30
711668283,Existing Customer,48,M,4,Uneducated,Married,$80K - $120K,Blue,37,5,3,30948,2404,1511,35
772684833,Existing Customer,32,F,1,Unknown,Married,Less than $40K,Blue,22,3,2,2642,2035,1761,42
712960308,Existing Customer,33,F,2,High School,Single,Less than $40K,Blue,36,4,1,8070,2350,2117,61
713530833,Attrited Customer,58,M,2,Graduate,Married,$40K - $60K,Blue,48,2,3,4085,2238,596,15
756065433,Existing Customer,26,M,0,Unknown,Single,$40K - $60K,Blue,19,5,2,2187,1597,2560,46
710997183,Existing Customer,46,M,0,Unknown,Married,$60K - $80K,Gold,36,3,2,34516,1092,1409,39
711146358,Existing Customer,39,F,1,Graduate,Married,Unknown,Blue,29,4,2,3358,1758,1759,33
716144058,Existing Customer,36,F,1,College,Single,$40K - $60K,Blue,25,6,3,1888,0,1886,66
778699908,Attrited Customer,43,M,2,Uneducated,Married,$60K - $80K,Blue,24,2,3,14447,0,915,29
713571258,Existing Customer,45,M,2,Unknown,Single,$60K - $80K,Silver,26,6,2,32349,1630,1343,41
711676908,Existing Customer,51,F,3,College,Married,Unknown,Blue,36,3,3,12605,1449,1870,56
719315508,Existing Customer,62,F,0,Unknown,Married,$40K - $60K,Blue,36,4,2,2964,2400,1557,25
778623858,Existing Customer,58,M,0,Uneducated,Married,$80K - $120K,Blue,38,6,3,3785,1935,1824,49
714665733,Existing Customer,42,M,4,Graduate,Single,$60K - $80K,Blue,36,5,0,2727,834,1294,26
816089433,Existing Customer,49,M,4,Doctorate,Married,$60K - $80K,Blue,44,3,1,3343,1581,1545,31
716991933,Attrited Customer,53,F,3,Uneducated,Single,Less than $40K,Blue,35,6,1,9786,0,820,25
714534108,Existing Customer,45,F,2,High School,Married,$40K - $60K,Blue,36,4,3,6407,1884,1675,47
787456608,Existing Customer,29,M,2,High School,Married,$80K - $120K,Blue,15,6,2,4158,1635,1678,37
717090183,Existing Customer,60,M,1,Doctorate,Married,$120K +,Blue,50,6,2,21697,2144,2117,48
772782708,Existing Customer,50,M,3,Post-Graduate,Single,$80K - $120K,Blue,40,5,2,31383,1688,1721,56
710722908,Existing Customer,53,M,3,Doctorate,Single,$120K +,Blue,36,3,0,30883,1694,1267,23
795155433,Existing Customer,45,M,3,Unknown,Married,$80K - $120K,Blue,38,6,1,12918,1345,1562,33
715271733,Existing Customer,50,F,2,Uneducated,Single,Less than $40K,Blue,37,3,0,8520,814,1193,35
771706308,Existing Customer,46,M,2,Doctorate,Single,$80K - $120K,Blue,34,4,2,14310,694,1254,34
713989233,Existing Customer,61,M,0,Post-Graduate,Married,Unknown,Blue,53,6,3,14434,1927,1731,32
780198258,Existing Customer,46,M,4,College,Single,$120K +,Blue,36,5,1,7793,1705,1099,39
802002858,Attrited Customer,62,F,1,High School,Married,Unknown,Blue,56,2,2,8990,0,747,19
716290233,Existing Customer,43,F,3,Graduate,Married,$40K - $60K,Blue,33,6,3,4343,0,1352,35
828298908,Existing Customer,54,M,4,Graduate,Married,$120K +,Blue,50,4,0,2872,2035,1770,47
788946783,Existing Customer,50,M,2,Unknown,Single,$120K +,Blue,36,5,3,9697,0,1812,50
720697908,Existing Customer,35,M,2,High School,Married,$40K - $60K,Blue,21,3,1,2967,1843,1673,58
780598383,Existing Customer,35,M,3,Doctorate,Single,$40K - $60K,Blue,23,4,2,2148,1545,2167,65
715345833,Existing Customer,36,F,1,High School,Single,Less than $40K,Blue,36,6,1,6116,2517,2369,56
710831133,Existing Customer,42,M,3,Unknown,Married,$80K - $120K,Blue,36,5,2,18085,1487,1582,47
766706358,Existing Customer,39,F,2,Unknown,Married,Less than $40K,Blue,32,6,0,2524,1395,1800,33
816533733,Existing Customer,50,M,1,Unknown,Married,$80K - $120K,Blue,45,5,2,33951,0,1567,44
712373208,Attrited Customer,43,M,3,Doctorate,Single,$60K - $80K,Blue,35,3,2,3312,0,647,19
721433283,Existing Customer,39,F,1,High School,Single,$40K - $60K,Blue,20,3,2,9956,1117,1447,39
720680058,Existing Customer,47,M,2,Post-Graduate,Married,Less than $40K,Blue,36,6,3,3888,1663,1145,37
716909283,Existing Customer,60,M,1,Post-Graduate,Single,$80K - $120K,Blue,48,3,3,30655,0,3280,78
754654383,Existing Customer,30,M,2,High School,Married,Less than $40K,Blue,23,4,0,2997,1393,1577,35
719226333,Existing Customer,44,M,4,Unknown,Single,$60K - $80K,Blue,24,5,2,11042,2211,1140,25
779759058,Existing Customer,52,M,0,Graduate,Single,$120K +,Blue,41,6,2,3386,1794,1736,40
718206783,Existing Customer,45,F,4,Unknown,Single,Less than $40K,Gold,36,6,3,15987,1648,1436,36
715783758,Existing Customer,40,M,4,Graduate,Divorced,$120K +,Blue,30,5,3,25188,1295,1513,38
771190083,Existing Customer,36,F,3,Post-Graduate,Single,Less than $40K,Blue,23,6,1,2410,1705,2505,69
713135883,Existing Customer,65,F,0,High School,Married,Unknown,Blue,53,4,0,4315,717,1723,51
778799583,Existing Customer,35,F,0,Unknown,Married,Less than $40K,Blue,24,6,1,2592,2227,1695,48
808796208,Existing Customer,54,F,2,Unknown,Divorced,$40K - $60K,Blue,49,5,2,5476,2517,1532,44
708313608,Existing Customer,53,M,3,Unknown,Married,$80K - $120K,Blue,43,5,0,2464,2116,2110,43
779330208,Existing Customer,62,F,1,College,Married,Less than $40K,Blue,44,3,3,2378,1610,1807,45
794498733,Existing Customer,40,M,2,Unknown,Single,$120K +,Blue,21,6,3,20056,1602,1687,46
807964908,Existing Customer,41,M,4,High School,Married,$60K - $80K,Blue,36,4,2,8013,2025,1481,45
823845783,Existing Customer,53,M,2,Unknown,Married,$120K +,Blue,49,6,3,3386,1984,1318,37
711748983,Existing Customer,30,M,1,High School,Married,$60K - $80K,Blue,17,3,2,7906,1631,1946,45
718064283,Existing Customer,46,M,3,Uneducated,Divorced,$60K - $80K,Blue,34,4,0,11501,713,1481,41
710492733,Existing Customer,29,M,0,Post-Graduate,Single,$40K - $60K,Blue,19,4,2,13632,1482,2168,42
779016408,Existing Customer,37,F,3,Uneducated,Married,Less than $40K,Blue,27,6,3,2229,1791,1583,32
717787533,Existing Customer,51,F,1,High School,Married,Less than $40K,Blue,40,4,1,5158,2190,1229,34
714851058,Existing Customer,31,M,0,Graduate,Married,$40K - $60K,Blue,21,3,0,2158,1729,1718,42
823535133,Existing Customer,45,M,2,Uneducated,Unknown,$80K - $120K,Blue,41,6,2,23271,1262,1402,34
708455883,Attrited Customer,57,M,1,Graduate,Single,$80K - $120K,Blue,36,2,2,10244,861,1127,29
780095808,Existing Customer,43,M,3,Unknown,Divorced,$60K - $80K,Blue,30,3,1,2588,1669,1053,31
709207458,Existing Customer,44,M,3,Graduate,Married,$40K - $60K,Blue,27,4,3,10747,1603,1340,25
763895958,Attrited Customer,53,M,2,High School,Married,$120K +,Blue,46,4,1,7474,0,732,21
715942683,Existing Customer,32,F,3,Graduate,Single,Less than $40K,Blue,36,3,3,3555,0,2346,71
721301733,Existing Customer,53,M,1,Graduate,Married,$80K - $120K,Blue,38,6,2,22140,733,1580,45
711927108,Attrited Customer,54,M,3,High School,Married,$80K - $120K,Blue,36,2,4,9457,350,1196,28
718083483,Existing Customer,42,M,3,Uneducated,Unknown,Less than $40K,Blue,35,4,0,6218,2134,2086,50
717548358,Existing Customer,38,F,1,College,Married,Less than $40K,Blue,25,3,1,2580,2265,1665,57
816829608,Existing Customer,44,M,2,Unknown,Married,$80K - $120K,Blue,39,6,2,1438.3,0,1495,39
713936583,Existing Customer,54,M,2,Graduate,Married,$60K - $80K,Blue,43,6,1,6224,1892,2187,58
709682658,Existing Customer,37,F,4,High School,Single,$40K - $60K,Blue,36,5,1,3093,2517,1371,23
793889508,Existing Customer,48,F,2,Graduate,Married,$40K - $60K,Blue,42,4,3,4076,0,1235,37
714648933,Existing Customer,55,F,3,Graduate,Married,Unknown,Blue,36,3,0,4861,1123,1556,40
711556533,Existing Customer,43,F,1,Graduate,Unknown,Unknown,Blue,36,6,3,9851,0,1212,24
717420333,Existing Customer,37,M,1,High School,Single,$60K - $80K,Blue,26,4,2,7349,2517,2701,60
768921933,Existing Customer,34,M,2,High School,Married,$60K - $80K,Blue,28,3,3,2853,2420,1750,47
714311583,Existing Customer,46,F,4,Graduate,Single,Unknown,Blue,36,4,2,17023,1084,1610,43
717707133,Existing Customer,32,M,1,Unknown,Single,$40K - $60K,Blue,24,6,3,10060,2322,2184,63
716043258,Existing Customer,53,M,3,Unknown,Married,$40K - $60K,Blue,41,6,2,1595,870,1745,41
716343408,Existing Customer,46,M,3,Graduate,Divorced,$80K - $120K,Blue,38,3,1,8475,1385,1381,40
718909158,Existing Customer,38,M,1,College,Married,Less than $40K,Blue,25,6,3,5559,658,1793,37
719471433,Existing Customer,31,F,0,Graduate,Married,Less than $40K,Blue,22,3,2,2917,2127,1831,36
712763808,Existing Customer,38,M,2,Unknown,Single,$60K - $80K,Blue,36,3,3,6692,2037,1468,36
711147483,Attrited Customer,46,F,3,Graduate,Single,Less than $40K,Blue,28,2,3,8551,1067,1097,32
719788833,Existing Customer,47,M,3,High School,Married,$60K - $80K,Blue,36,6,3,10569,0,1682,44
715168983,Existing Customer,47,F,3,Graduate,Married,Less than $40K,Blue,36,5,2,7051,0,1451,37
714306258,Existing Customer,56,M,1,College,Married,$60K - $80K,Blue,46,3,1,10117,2242,1509,44
713828208,Existing Customer,47,M,2,Uneducated,Unknown,$60K - $80K,Blue,36,6,1,8311,0,1895,57
710574558,Existing Customer,47,M,4,Graduate,Single,$80K - $120K,Blue,41,5,2,26442,1642,1403,40
710947683,Existing Customer,64,F,0,Graduate,Married,Less than $40K,Blue,51,6,1,4920,1142,1420,31
711113958,Existing Customer,37,F,3,Unknown,Married,Less than $40K,Blue,25,6,1,1438.3,674,1717,31
718923858,Existing Customer,42,M,1,College,Married,$60K - $80K,Silver,29,5,2,26750,1204,1131,29
752666508,Existing Customer,41,M,4,College,Married,$80K - $120K,Silver,34,4,3,34516,1347,1005,22
712672083,Existing Customer,65,F,0,High School,Married,Less than $40K,Blue,36,3,2,1438.3,747,948,24
719863758,Existing Customer,49,F,3,Post-Graduate,Married,$40K - $60K,Blue,41,6,2,1869,758,1549,34
720990183,Attrited Customer,54,M,5,High School,Married,$60K - $80K,Blue,36,5,3,14539,0,965,26
720718908,Existing Customer,46,M,3,Uneducated,Single,$120K +,Blue,36,5,3,26977,1961,1958,41
721250358,Existing Customer,50,M,2,Unknown,Married,$40K - $60K,Blue,36,3,3,5426,1478,1266,22
779773533,Existing Customer,50,F,3,Unknown,Married,Less than $40K,Blue,34,6,3,7623,2517,1367,29
708249708,Existing Customer,48,F,1,Doctorate,Married,Less than $40K,Blue,39,3,3,4844,1576,1489,48
713967783,Existing Customer,62,F,0,Unknown,Married,Unknown,Blue,52,6,1,2683,1707,1582,33
779506158,Existing Customer,39,F,1,College,Married,Less than $40K,Blue,22,3,2,3214,2257,2516,42
759823158,Existing Customer,46,M,1,Unknown,Married,$60K - $80K,Blue,39,4,3,5374,2324,1557,49
716608608,Attrited Customer,41,M,2,Uneducated,Married,$80K - $120K,Blue,33,5,3,8004,1452,1084,32
789528183,Existing Customer,39,F,2,Graduate,Married,Unknown,Blue,31,4,3,1438.3,997,2583,47
708895158,Existing Customer,46,M,2,Unknown,Married,$80K - $120K,Blue,34,3,3,2925,2365,1371,30
824805858,Existing Customer,39,F,2,Uneducated,Single,Less than $40K,Blue,35,5,3,9235,1479,1537,49
720840108,Existing Customer,44,M,0,Uneducated,Married,Less than $40K,Blue,24,5,0,8837,2103,3753,60
787595658,Existing Customer,57,F,3,Unknown,Single,Less than $40K,Blue,29,6,1,8801,1421,1104,31
720244983,Existing Customer,40,M,3,Unknown,Single,$40K - $60K,Blue,28,4,1,3563,1707,1482,42
713220258,Existing Customer,65,F,0,High School,Married,Unknown,Blue,36,4,2,8138,2104,1299,29
813469458,Existing Customer,26,F,1,Graduate,Single,$40K - $60K,Blue,20,6,3,1438.3,673,2167,48
788939358,Existing Customer,47,M,2,High School,Unknown,$60K - $80K,Blue,33,4,2,2458,1399,1563,40
718870158,Existing Customer,47,M,4,High School,Married,$60K - $80K,Blue,34,5,3,4592,1635,1772,52
788673708,Attrited Customer,57,F,2,High School,Married,$40K - $60K,Blue,45,2,3,1438.3,0,1254,35
711809283,Existing Customer,31,M,1,Unknown,Married,Less than $40K,Blue,36,3,3,1868,1515,2229,35
816513108,Existing Customer,54,M,4,Graduate,Married,$60K - $80K,Blue,49,3,2,5269,1099,2195,63
718594608,Existing Customer,43,F,2,Post-Graduate,Married,Unknown,Blue,36,3,3,20156,1759,1362,28
823606983,Existing Customer,39,M,2,College,Married,$60K - $80K,Blue,35,4,2,7410,2517,2398,37
717028158,Existing Customer,53,M,3,Graduate,Married,$120K +,Blue,44,3,3,12163,2082,2649,56
788485908,Existing Customer,44,M,3,Unknown,Married,$60K - $80K,Blue,37,3,3,6224,0,1463,34
714472608,Existing Customer,59,M,0,College,Married,Less than $40K,Blue,49,3,3,4250,1095,1174,27
710793783,Existing Customer,53,F,3,Graduate,Married,Unknown,Blue,40,6,1,12059,1978,1836,36
794340033,Existing Customer,34,F,3,Uneducated,Married,$40K - $60K,Blue,28,5,3,2799,1762,1817,39
716462658,Existing Customer,47,M,4,Doctorate,Single,$80K - $120K,Blue,36,3,1,18037,0,1387,36
718050033,Existing Customer,54,M,2,College,Married,$120K +,Blue,43,3,3,5657,1719,2028,55
714023808,Existing Customer,42,F,2,Graduate,Married,Unknown,Blue,33,6,1,13770,2517,1582,36
716341833,Existing Customer,53,F,3,College,Married,Less than $40K,Blue,44,6,3,4646,1730,1774,37
719648358,Existing Customer,50,M,2,Graduate,Single,$80K - $120K,Blue,35,3,1,2514,1521,1636,36
816600933,Attrited Customer,56,M,0,College,Married,$80K - $120K,Blue,51,3,3,14501,0,1031,25
714208533,Attrited Customer,43,M,3,High School,Married,$60K - $80K,Blue,36,1,3,8663,288,916,33
713095533,Existing Customer,44,F,4,High School,Divorced,Less than $40K,Blue,36,5,3,2333,1485,1198,31
809967783,Existing Customer,34,F,4,Graduate,Divorced,$40K - $60K,Blue,26,5,3,3038,1539,2189,54
715848408,Existing Customer,61,M,1,Graduate,Unknown,$80K - $120K,Blue,52,6,1,8851,0,1257,36
714414483,Existing Customer,54,F,0,Unknown,Married,Less than $40K,Blue,44,6,1,2945,2206,1503,35
708655983,Existing Customer,49,F,3,High School,Divorced,Unknown,Blue,40,3,2,5267,0,1353,24
720426708,Attrited Customer,56,M,3,High School,Single,$60K - $80K,Blue,45,2,3,8512,0,811,27
713743158,Existing Customer,47,M,1,Graduate,Married,$60K - $80K,Blue,36,4,2,19063,1714,1270,21
721279083,Existing Customer,53,M,4,Graduate,Single,$80K - $120K,Blue,33,5,3,5376,1177,1840,53
779149683,Existing Customer,30,F,0,Graduate,Divorced,Unknown,Blue,13,5,2,7772,1890,2585,75
714970458,Existing Customer,39,F,2,High School,Married,$40K - $60K,Blue,29,6,1,9173,2047,1807,33
719070108,Existing Customer,44,M,2,Graduate,Married,$80K - $120K,Silver,35,4,3,34516,1726,1729,52
715490733,Existing Customer,54,F,3,Uneducated,Single,Unknown,Blue,36,5,2,11975,1542,1211,35
714989583,Existing Customer,46,M,2,Graduate,Married,$60K - $80K,Blue,36,3,3,15405,1691,1763,44
820355433,Existing Customer,43,M,3,Unknown,Single,$40K - $60K,Blue,38,6,1,2615,0,1395,34
715901508,Existing Customer,35,M,1,High School,Married,$80K - $120K,Blue,25,6,2,23991,2307,1843,43
710370483,Existing Customer,39,F,4,College,Married,Less than $40K,Blue,31,4,3,1888,1292,1517,33
778573233,Existing Customer,61,F,1,Graduate,Married,Less than $40K,Blue,54,3,2,3102,2091,1977,50
708833133,Existing Customer,40,F,3,Graduate,Divorced,Less than $40K,Blue,29,5,2,3170,2517,2027,49
719885883,Existing Customer,53,M,3,College,Single,$120K +,Blue,36,6,0,34516,1901,1497,43
712523283,Existing Customer,55,M,2,Unknown,Married,$120K +,Blue,41,4,2,14938,0,1134,31
711309033,Existing Customer,41,M,2,Unknown,Single,$60K - $80K,Blue,24,6,2,17298,2310,3663,65
708134283,Existing Customer,35,M,2,Uneducated,Married,Less than $40K,Blue,36,4,3,3131,629,1483,31
720147633,Existing Customer,61,M,1,Unknown,Single,$40K - $60K,Blue,47,3,2,11915,1631,1956,63
708983658,Attrited Customer,51,M,2,Uneducated,Single,$120K +,Blue,39,3,1,16868,0,940,25
766285608,Existing Customer,42,M,3,High School,Single,$40K - $60K,Blue,35,4,3,3266,1900,2183,56
779715108,Existing Customer,46,M,2,Unknown,Divorced,$80K - $120K,Blue,30,3,3,2770,1286,2920,74
798035358,Existing Customer,46,F,4,High School,Single,Less than $40K,Blue,40,3,2,3556,2172,1221,41
719391783,Existing Customer,46,M,4,Uneducated,Married,$40K - $60K,Blue,35,3,2,9149,1566,1790,60
809342208,Existing Customer,26,M,0,Graduate,Single,Unknown,Blue,19,4,2,1438.3,0,2005,47
780713058,Existing Customer,46,M,3,High School,Married,$60K - $80K,Blue,35,4,3,14701,1635,3490,69
779338683,Existing Customer,62,M,1,Graduate,Married,$60K - $80K,Blue,44,5,2,14825,962,1904,49
783387783,Existing Customer,55,M,2,Uneducated,Divorced,$60K - $80K,Blue,49,4,3,10127,1873,1647,53
787800108,Existing Customer,55,M,2,College,Married,$80K - $120K,Blue,45,5,2,2929,2431,1903,39
721397808,Existing Customer,32,M,0,High School,Married,$40K - $60K,Blue,24,5,0,3735,1176,1564,41
778698408,Existing Customer,37,F,4,Uneducated,Married,Less than $40K,Blue,18,5,2,2930,2024,1686,34
709545333,Existing Customer,33,F,4,High School,Single,Unknown,Blue,29,6,3,12716,1496,2412,64
716032233,Existing Customer,42,M,2,College,Married,$80K - $120K,Blue,32,5,2,22120,1805,3981,65
717835908,Existing Customer,33,M,2,Post-Graduate,Married,$80K - $120K,Blue,22,3,3,1438.3,681,2730,48
719466558,Existing Customer,60,F,0,High School,Single,Unknown,Blue,36,3,2,4546,0,1361,34
778663458,Attrited Customer,65,M,1,High School,Married,Less than $40K,Blue,47,3,1,1759,0,821,18
716024808,Attrited Customer,57,M,1,Graduate,Married,$80K - $120K,Blue,36,3,3,4829,2418,938,21
713008308,Existing Customer,59,F,0,Unknown,Married,Less than $40K,Blue,47,5,2,7692,1678,1861,42
794831733,Existing Customer,45,F,5,Graduate,Married,Less than $40K,Blue,39,4,2,2156,1208,1345,28
713854608,Existing Customer,62,M,1,Uneducated,Married,$60K - $80K,Blue,36,6,3,9521,1669,2444,63
715993608,Existing Customer,51,M,2,College,Single,$120K +,Blue,41,6,2,26714,2517,1686,50
789368658,Existing Customer,57,M,2,Graduate,Married,$80K - $120K,Blue,47,6,3,2092,1387,1468,30
802817358,Existing Customer,38,F,3,High School,Married,Unknown,Blue,32,4,1,11594,2072,2320,51
708098133,Existing Customer,32,F,0,Graduate,Married,Less than $40K,Blue,19,6,0,2834,1418,1598,39
801499908,Existing Customer,43,F,4,Graduate,Married,Less than $40K,Blue,37,4,2,4724,2056,1232,31
824770683,Existing Customer,51,F,0,Unknown,Divorced,Less than $40K,Blue,47,6,3,3049,1151,4027,76
718310733,Existing Customer,50,M,2,Unknown,Divorced,$80K - $120K,Blue,36,4,1,20614,0,1922,48
708162558,Existing Customer,64,F,0,Uneducated,Married,Unknown,Blue,54,6,2,3250,1992,1355,36
721129383,Existing Customer,53,F,1,Doctorate,Married,Less than $40K,Blue,36,3,2,3128,2517,2361,42
721249158,Attrited Customer,42,M,2,Uneducated,Single,$60K - $80K,Blue,30,2,3,6414,0,708,14
721049658,Existing Customer,53,M,3,Graduate,Single,$80K - $120K,Blue,34,6,0,2506,0,1687,62
806392908,Existing Customer,52,F,4,High School,Single,Unknown,Blue,47,6,3,7469,2338,1212,33
714886533,Existing Customer,60,F,2,High School,Married,Less than $40K,Blue,36,4,2,3460,2517,1752,34
772375533,Existing Customer,30,M,1,Graduate,Married,$80K - $120K,Blue,19,5,2,9959,2377,1560,39
826775058,Existing Customer,43,F,3,Uneducated,Married,Less than $40K,Blue,39,4,2,4175,2517,1520,36
711878733,Existing Customer,60,M,1,Uneducated,Married,$60K - $80K,Blue,48,3,3,10264,2073,1685,45
714550383,Existing Customer,46,M,2,High School,Single,$40K - $60K,Blue,36,4,3,4129,0,1678,40
712636308,Existing Customer,65,F,2,High School,Married,$40K - $60K,Blue,45,6,2,2658,1514,1627,26
772139433,Existing Customer,44,F,2,College,Single,$40K - $60K,Blue,33,4,3,4589,1240,1637,61
709058808,Existing Customer,56,F,2,College,Married,Less than $40K,Blue,36,6,2,2781,1035,1707,42
813240408,Existing Customer,45,F,4,High School,Married,Unknown,Blue,39,4,2,24880,836,1208,25
767753958,Existing Customer,37,M,3,Graduate,Unknown,$40K - $60K,Blue,31,6,2,8504,1956,1881,51
710111733,Existing Customer,48,M,2,High School,Married,$80K - $120K,Blue,39,5,3,8091,1996,1360,28
761544333,Existing Customer,37,F,4,College,Married,$40K - $60K,Blue,30,4,3,3417,2517,1641,32
788814783,Existing Customer,39,M,1,Uneducated,Single,$60K - $80K,Blue,22,4,3,9204,845,1820,58
715034358,Existing Customer,41,M,2,Graduate,Married,$120K +,Blue,32,5,3,14302,2097,1505,35
709624533,Existing Customer,55,F,2,High School,Married,Less than $40K,Blue,45,5,0,3187,2517,1627,38
709942383,Existing Customer,34,M,1,Graduate,Married,$80K - $120K,Blue,36,5,2,6313,782,1703,34
803957508,Existing Customer,52,M,2,Unknown,Single,$80K - $120K,Blue,47,6,3,15904,1024,1433,33
713378133,Existing Customer,54,F,0,Post-Graduate,Single,Less than $40K,Silver,39,6,3,11696,2288,2445,60
709217358,Existing Customer,40,M,3,Post-Graduate,Married,$80K - $120K,Blue,36,5,2,20371,1832,1665,45
720998358,Existing Customer,52,M,0,High School,Married,$120K +,Silver,41,3,1,34516,1043,1489,38
721051908,Existing Customer,45,M,3,Graduate,Single,$60K - $80K,Blue,33,3,3,7552,0,1393,32
715232058,Existing Customer,61,M,0,Post-Graduate,Married,$40K - $60K,Blue,53,5,2,5561,1434,1820,42
806250783,Existing Customer,57,F,2,High School,Married,Less than $40K,Blue,52,6,2,1441,0,2742,58
817245183,Existing Customer,51,M,2,Unknown,Unknown,$120K +,Blue,33,6,2,19715,1014,1979,40
713670333,Existing Customer,60,M,1,Unknown,Single,Less than $40K,Blue,52,5,2,2486,1464,1378,27
826477083,Existing Customer,48,F,2,College,Married,Less than $40K,Blue,44,5,3,4570,2439,1520,34
788728608,Existing Customer,34,M,0,High School,Married,$40K - $60K,Blue,13,3,2,3870,1394,1588,36
717190533,Existing Customer,49,M,4,High School,Married,$60K - $80K,Blue,36,6,2,12938,661,1282,32
716580033,Existing Customer,53,M,3,High School,Married,$120K +,Blue,36,3,3,21178,1796,1872,59
711644508,Existing Customer,34,M,2,Uneducated,Single,$80K - $120K,Blue,36,3,0,12182,1136,2295,63
714334383,Existing Customer,54,M,2,Graduate,Married,$60K - $80K,Blue,42,6,0,3583,0,1065,28
720611058,Existing Customer,40,M,3,Graduate,Single,$120K +,Blue,27,4,3,17018,0,1550,47
712420833,Existing Customer,49,F,5,College,Single,Unknown,Blue,41,6,2,16031,2245,1527,57
713845083,Attrited Customer,41,F,4,High School,Single,Less than $40K,Blue,36,6,3,4203,2517,1489,43
713756508,Existing Customer,46,M,3,Graduate,Divorced,Less than $40K,Blue,36,5,3,4213,997,1264,30
735565158,Existing Customer,46,M,4,Graduate,Married,$60K - $80K,Blue,33,6,2,21548,1180,1582,38
714131058,Existing Customer,30,M,0,Graduate,Unknown,$60K - $80K,Blue,36,3,3,18513,2517,1567,33
717180633,Existing Customer,59,M,1,Post-Graduate,Married,$40K - $60K,Blue,36,4,2,2483,1372,1704,35
717295683,Existing Customer,50,M,0,Doctorate,Single,$80K - $120K,Blue,38,5,2,3460,1881,1546,35
713128833,Existing Customer,49,M,2,Unknown,Unknown,$60K - $80K,Blue,36,5,2,6511,1790,1478,38
813499458,Attrited Customer,45,M,5,High School,Unknown,$60K - $80K,Blue,40,3,1,1438.3,0,2132,31
710070183,Existing Customer,53,F,1,High School,Single,Less than $40K,Blue,36,3,2,2615,1772,1419,38
789605658,Existing Customer,42,F,1,Doctorate,Married,$40K - $60K,Blue,35,4,2,2985,2355,1065,27
710045058,Existing Customer,46,M,5,High School,Married,$40K - $60K,Silver,28,5,3,18797,2158,1364,40
710164683,Existing Customer,33,M,1,Graduate,Married,$60K - $80K,Blue,22,3,3,2859,2517,2247,36
710802258,Existing Customer,46,F,2,Graduate,Married,Less than $40K,Blue,38,4,0,2888,2245,1111,26
721036233,Existing Customer,61,M,0,High School,Married,$60K - $80K,Blue,36,4,3,9172,1567,1836,42
710036508,Existing Customer,42,M,5,Uneducated,Married,$40K - $60K,Blue,34,5,2,14281,1519,1164,35
717776808,Existing Customer,47,F,4,Graduate,Single,Less than $40K,Blue,39,3,3,7353,1450,2005,54
714906033,Existing Customer,47,F,2,Graduate,Single,Less than $40K,Blue,36,6,2,5145,0,1588,35
714273708,Existing Customer,53,F,4,Graduate,Married,$40K - $60K,Blue,36,3,3,4753,2472,2242,49
721117533,Existing Customer,46,F,3,Graduate,Single,Less than $40K,Blue,26,3,3,2171,1418,1415,45
715374558,Existing Customer,26,M,0,College,Divorced,Less than $40K,Blue,36,5,3,4150,456,2483,74
824807658,Existing Customer,45,M,3,Graduate,Married,$60K - $80K,Blue,41,6,3,9106,2477,1239,33
714940608,Existing Customer,36,M,2,High School,Divorced,$40K - $60K,Blue,36,3,2,2686,1733,2057,53
824782008,Existing Customer,42,M,3,High School,Unknown,$60K - $80K,Blue,38,5,2,10239,510,1228,26
717561108,Existing Customer,52,M,1,Graduate,Married,$80K - $120K,Blue,36,4,2,34516,549,1629,32
717127083,Existing Customer,37,M,3,Graduate,Married,$120K +,Blue,25,3,0,15017,1733,2076,58
772460508,Existing Customer,53,M,1,Uneducated,Married,$40K - $60K,Blue,43,3,2,4426,1530,1231,34
720484908,Existing Customer,65,F,1,Post-Graduate,Married,$40K - $60K,Blue,52,5,3,2155,0,1655,27
771237933,Existing Customer,47,M,1,Uneducated,Unknown,$80K - $120K,Blue,34,4,3,20620,1085,1477,23
794664183,Existing Customer,38,M,0,Uneducated,Married,$60K - $80K,Blue,19,3,3,3238,2146,1501,45
