滿意度,地區
滿意,北部
滿意,北部
滿意,北部
滿意,北部
滿意,北部
滿意,北部
滿意,北部
滿意,北部
滿意,北部
滿意,北部
滿意,北部
滿意,北部
滿意,北部
滿意,北部
滿意,北部
滿意,北部
滿意,北部
滿意,北部
滿意,北部
滿意,北部
滿意,北部
滿意,北部
滿意,北部
滿意,北部
滿意,北部
滿意,北部
滿意,北部
滿意,北部
滿意,北部
滿意,北部
滿意,北部
滿意,北部
滿意,北部
滿意,北部
滿意,北部
滿意,北部
滿意,北部
滿意,北部
滿意,北部
滿意,北部
滿意,北部
滿意,北部
滿意,北部
滿意,北部
滿意,北部
滿意,北部
滿意,北部
滿意,北部
滿意,北部
滿意,北部
滿意,北部
滿意,北部
滿意,北部
滿意,北部
滿意,北部
滿意,北部
滿意,北部
滿意,北部
滿意,北部
滿意,北部
滿意,北部
滿意,北部
滿意,北部
滿意,北部
滿意,北部
滿意,北部
滿意,北部
滿意,北部
滿意,北部
滿意,北部
滿意,北部
滿意,北部
滿意,北部
滿意,北部
滿意,北部
滿意,北部
滿意,北部
滿意,北部
滿意,北部
滿意,北部
滿意,北部
滿意,北部
滿意,北部
滿意,北部
滿意,北部
滿意,北部
滿意,北部
滿意,北部
滿意,北部
滿意,北部
滿意,北部
滿意,北部
滿意,北部
滿意,北部
滿意,北部
滿意,北部
滿意,北部
滿意,北部
滿意,北部
滿意,北部
滿意,北部
滿意,北部
滿意,北部
滿意,北部
滿意,北部
滿意,北部
滿意,北部
滿意,北部
滿意,北部
滿意,北部
滿意,北部
滿意,北部
滿意,北部
滿意,北部
滿意,北部
滿意,北部
滿意,北部
滿意,北部
滿意,北部
滿意,北部
滿意,北部
滿意,北部
滿意,北部
滿意,北部
滿意,北部
不滿意,北部
不滿意,北部
不滿意,北部
不滿意,北部
不滿意,北部
不滿意,北部
不滿意,北部
不滿意,北部
不滿意,北部
不滿意,北部
不滿意,北部
不滿意,北部
不滿意,北部
不滿意,北部
不滿意,北部
不滿意,北部
不滿意,北部
不滿意,北部
不滿意,北部
不滿意,北部
不滿意,北部
不滿意,北部
不滿意,北部
不滿意,北部
不滿意,北部
不滿意,北部
不滿意,北部
不滿意,北部
不滿意,北部
不滿意,北部
不滿意,北部
不滿意,北部
不滿意,北部
不滿意,北部
不滿意,北部
滿意,中部
滿意,中部
滿意,中部
滿意,中部
滿意,中部
滿意,中部
滿意,中部
滿意,中部
滿意,中部
滿意,中部
滿意,中部
滿意,中部
滿意,中部
滿意,中部
滿意,中部
滿意,中部
滿意,中部
滿意,中部
滿意,中部
滿意,中部
滿意,中部
滿意,中部
滿意,中部
滿意,中部
滿意,中部
滿意,中部
滿意,中部
滿意,中部
滿意,中部
滿意,中部
滿意,中部
滿意,中部
滿意,中部
滿意,中部
滿意,中部
滿意,中部
滿意,中部
滿意,中部
滿意,中部
滿意,中部
滿意,中部
滿意,中部
滿意,中部
滿意,中部
滿意,中部
滿意,中部
滿意,中部
滿意,中部
滿意,中部
滿意,中部
滿意,中部
滿意,中部
滿意,中部
滿意,中部
滿意,中部
滿意,中部
滿意,中部
滿意,中部
滿意,中部
滿意,中部
滿意,中部
滿意,中部
滿意,中部
滿意,中部
滿意,中部
滿意,中部
滿意,中部
滿意,中部
滿意,中部
滿意,中部
滿意,中部
滿意,中部
滿意,中部
滿意,中部
滿意,中部
滿意,中部
滿意,中部
滿意,中部
滿意,中部
滿意,中部
滿意,中部
滿意,中部
滿意,中部
滿意,中部
滿意,中部
滿意,中部
滿意,中部
滿意,中部
滿意,中部
滿意,中部
滿意,中部
滿意,中部
滿意,中部
滿意,中部
滿意,中部
滿意,中部
滿意,中部
滿意,中部
滿意,中部
滿意,中部
滿意,中部
滿意,中部
滿意,中部
滿意,中部
滿意,中部
滿意,中部
滿意,中部
滿意,中部
滿意,中部
滿意,中部
滿意,中部
滿意,中部
滿意,中部
滿意,中部
滿意,中部
滿意,中部
滿意,中部
滿意,中部
滿意,中部
滿意,中部
滿意,中部
滿意,中部
滿意,中部
滿意,中部
滿意,中部
滿意,中部
滿意,中部
滿意,中部
滿意,中部
滿意,中部
滿意,中部
滿意,中部
滿意,中部
滿意,中部
滿意,中部
滿意,中部
滿意,中部
滿意,中部
滿意,中部
滿意,中部
滿意,中部
滿意,中部
滿意,中部
滿意,中部
滿意,中部
滿意,中部
滿意,中部
滿意,中部
滿意,中部
滿意,中部
滿意,中部
滿意,中部
滿意,中部
滿意,中部
滿意,中部
滿意,中部
滿意,中部
滿意,中部
滿意,中部
不滿意,中部
不滿意,中部
不滿意,中部
不滿意,中部
不滿意,中部
不滿意,中部
不滿意,中部
不滿意,中部
不滿意,中部
不滿意,中部
不滿意,中部
不滿意,中部
不滿意,中部
不滿意,中部
不滿意,中部
不滿意,中部
不滿意,中部
不滿意,中部
不滿意,中部
不滿意,中部
不滿意,中部
不滿意,中部
不滿意,中部
不滿意,中部
不滿意,中部
不滿意,中部
不滿意,中部
不滿意,中部
不滿意,中部
不滿意,中部
不滿意,中部
不滿意,中部
不滿意,中部
不滿意,中部
不滿意,中部
不滿意,中部
不滿意,中部
不滿意,中部
不滿意,中部
不滿意,中部
不滿意,中部
不滿意,中部
不滿意,中部
不滿意,中部
不滿意,中部
不滿意,中部
不滿意,中部
不滿意,中部
不滿意,中部
不滿意,中部
不滿意,中部
不滿意,中部
不滿意,中部
不滿意,中部
不滿意,中部
不滿意,中部
不滿意,中部
不滿意,中部
不滿意,中部
不滿意,中部
不滿意,中部
不滿意,中部
不滿意,中部
不滿意,中部
不滿意,中部
不滿意,中部
不滿意,中部
不滿意,中部
不滿意,中部
不滿意,中部
不滿意,中部
不滿意,中部
不滿意,中部
不滿意,中部
不滿意,中部
不滿意,中部
不滿意,中部
不滿意,中部
不滿意,中部
不滿意,中部
不滿意,中部
不滿意,中部
不滿意,中部
滿意,南部
滿意,南部
滿意,南部
滿意,南部
滿意,南部
滿意,南部
滿意,南部
滿意,南部
滿意,南部
滿意,南部
滿意,南部
滿意,南部
滿意,南部
滿意,南部
滿意,南部
滿意,南部
滿意,南部
滿意,南部
滿意,南部
滿意,南部
滿意,南部
滿意,南部
滿意,南部
滿意,南部
滿意,南部
滿意,南部
滿意,南部
滿意,南部
滿意,南部
滿意,南部
滿意,南部
滿意,南部
滿意,南部
滿意,南部
滿意,南部
滿意,南部
不滿意,南部
不滿意,南部
不滿意,南部
不滿意,南部
不滿意,南部
不滿意,南部
不滿意,南部
不滿意,南部
不滿意,南部
不滿意,南部
不滿意,南部
不滿意,南部
不滿意,南部
不滿意,南部
不滿意,南部
不滿意,南部
不滿意,南部
不滿意,南部
不滿意,南部
不滿意,南部
不滿意,南部
不滿意,南部
不滿意,南部
不滿意,南部
不滿意,南部
不滿意,南部
不滿意,南部
不滿意,南部
不滿意,南部
不滿意,南部
不滿意,南部
不滿意,南部
不滿意,南部
不滿意,南部
不滿意,南部
不滿意,南部
不滿意,南部
不滿意,南部
不滿意,南部
不滿意,南部
不滿意,南部
不滿意,南部
不滿意,南部
不滿意,南部
不滿意,南部
不滿意,南部
不滿意,南部
不滿意,南部
不滿意,南部
不滿意,南部
不滿意,南部
不滿意,南部
不滿意,南部
不滿意,南部
不滿意,南部
不滿意,南部
不滿意,南部
不滿意,南部
不滿意,南部
不滿意,南部
不滿意,南部
不滿意,南部
不滿意,南部
不滿意,南部
不滿意,南部
不滿意,南部
不滿意,南部
不滿意,南部
不滿意,南部
不滿意,南部
不滿意,南部
不滿意,南部
不滿意,南部
不滿意,南部
不滿意,南部
不滿意,南部
